-- phpMyAdmin SQL Dump
-- version 5.1.1
-- https://www.phpmyadmin.net/
--
-- Хост: 127.0.0.1:3306
-- Время создания: Июл 29 2022 г., 22:08
-- Версия сервера: 5.7.36
-- Версия PHP: 8.0.13

SET SQL_MODE = "NO_AUTO_VALUE_ON_ZERO";
START TRANSACTION;
SET time_zone = "+00:00";


/*!40101 SET @OLD_CHARACTER_SET_CLIENT=@@CHARACTER_SET_CLIENT */;
/*!40101 SET @OLD_CHARACTER_SET_RESULTS=@@CHARACTER_SET_RESULTS */;
/*!40101 SET @OLD_COLLATION_CONNECTION=@@COLLATION_CONNECTION */;
/*!40101 SET NAMES utf8mb4 */;

--
-- База данных: `kraftt-house`
--

-- --------------------------------------------------------

--
-- Структура таблицы `building_objects`
--

DROP TABLE IF EXISTS `building_objects`;
CREATE TABLE IF NOT EXISTS `building_objects` (
  `id` bigint(20) UNSIGNED NOT NULL AUTO_INCREMENT,
  `name` text COLLATE utf8mb4_unicode_ci NOT NULL,
  `address` text COLLATE utf8mb4_unicode_ci NOT NULL,
  `count_day` text COLLATE utf8mb4_unicode_ci NOT NULL,
  `cost` text COLLATE utf8mb4_unicode_ci NOT NULL,
  `square_wall` text COLLATE utf8mb4_unicode_ci NOT NULL,
  `square_floor` text COLLATE utf8mb4_unicode_ci NOT NULL,
  `material` text COLLATE utf8mb4_unicode_ci NOT NULL,
  `created_at` timestamp NULL DEFAULT NULL,
  `updated_at` timestamp NULL DEFAULT NULL,
  PRIMARY KEY (`id`)
) ENGINE=InnoDB AUTO_INCREMENT=371 DEFAULT CHARSET=utf8mb4 COLLATE=utf8mb4_unicode_ci;

--
-- Дамп данных таблицы `building_objects`
--

INSERT INTO `building_objects` (`id`, `name`, `address`, `count_day`, `cost`, `square_wall`, `square_floor`, `material`, `created_at`, `updated_at`) VALUES
(1, 'Коттедж, ст. Холмская', 'ст. Холмская', '6 дней', '140 946 рублей', '290 м2 по стенам', '90 м2 по полу', 'Смесь Волма Гипс-Актив Экстра', NULL, NULL),
(2, 'Коттедж, ст. Переясловская', 'ст. Переясловская', '5 дней', '155 148 рублей', '264 м2 по стенам', '96 м2 по полу', 'Смесь Волма Гипс-Актив Экстра', NULL, NULL),
(3, 'Коттедж, п. Тульский', 'п. Тульский', '7 дней', '174 650 рублей', '310 м2 по стенам', '103 м2 по полу', 'Смесь Волма Гипс-Актив Экстра', NULL, NULL),
(4, 'Коттедж, х. Ленина', 'х. Ленина, ул. Красивая, 33', '7 дней', '161 134 рубля', '303 м2по стенам', '106 м2 по полу', 'Смесь Волма Гипс-Актив Экстра', NULL, NULL),
(5, 'Коттедж, ст. Медведовская', 'ст. Медведовская', '7 дней', '183 430 рублей', '313 м2 по стенам', '109 м2 по полу', 'Смесь Кнауф МП 75', NULL, NULL),
(6, 'Коттедж, Адыгейск', 'Адыгейск, ул. Дружбы, 12', '9 дней', '230 692 рублей', '439 м2 по стенам', '154 м2 по полу', 'Смесь Волма Гипс-Актив Экстра', NULL, NULL),
(7, 'Коттедж, \"Николино парк\"', 'г. Краснодар, КП Николино парк, ул. Вали Котика', '10 дней', '247 170 рублей', '453 м2 по стенам', '158 м2 по полу', 'Смесь Кнауф МП 75', NULL, NULL),
(8, 'Коттедж, Анапа', 'г. Анапа', '10 дней', '281 764 рублей', '496 м2 по стенам', '160 м2 по полу', 'Смесь Волма Гипс-Актив Экстра', NULL, NULL),
(9, 'Коттедж, Краснодар', 'г. Краснодар, СНТ Лесник, ул. Ореховая, 162', '', '245 030 рублей', '458 м2 по стенам', '161 м2 по полу', 'Смесь Кнауф МП 75', NULL, NULL),
(10, 'Коттедж, п. Дружба', 'п. Дружба', '11 дней', '241 715 рублей', '517 м2 по стенам', '182 м2 по полу', 'Смесь Волма Гипс-Актив Экстра', NULL, NULL),
(11, 'Коттедж, п. Южный', 'п. Южный, ул. Красная, 42', '12 дней', '306 262 рублей', '571 м2 по стенам', '200 м2 по полу', 'Смесь Волма Гипс-Актив Экстра', NULL, NULL),
(12, 'Коттедж, ст. Елизаветинская', 'СНТ Виктория, ул. Озерная 75', '13 дней', '364 043 рублей', '628 м2 по стенам', '217 м2 по полу', 'Смесь Волма Гипс-Актив Экстра', NULL, NULL),
(13, 'Коттедж, г. Краснодар', 'г. Краснодар, ул. Дворцовая, 16', '19 дней', '435 110 рублей', '901 м2 по стенам', '220 м2 по полу', 'Смесь Кнауф МП 75', NULL, NULL),
(14, 'Коттедж, п. Джубга', 'п. Джубга', '12 дней', '170 381 рублей', '581 м2 по стенам', '211 м2 по полу', 'Смесь Волма Гипс-Актив Экстра', NULL, NULL),
(15, 'Коттедж, \"Николино парк 2\"', 'г. Краснодар, Николино Парк 2', '12 дней', '292 359 рублей', '551 м2 по стенам', '179 м2 по полу', 'Смесь Волма Гипс-Актив Экстра', NULL, NULL),
(16, 'Коттедж, Краснодар', 'г. Краснодар, ул. Баварская, 36', '14 дней', '335 460 рублей', '699 м2 по стенам', '254 м2 по полу', 'Смесь Кнауф МП 75', NULL, NULL),
(17, 'Коттедж, \"СНТ Пригород\"', 'СНТ Пригород, ул. Атамана Маламы 136', '25 дней', '602 273 рублей', '1 212 м2 по стенам', '343 м2 по полу', 'Смесь Волма Гипс-Актив Экстра', NULL, NULL),
(18, 'Коттедж, п. Энем', 'п. Энем', '36 дней', '962 581 рублей', '1 792 м2 по стенам', '725 м2 по полу', 'Смесь Волма Гипс-Актив Экстра', NULL, NULL),
(19, 'Коттедж, Горячий ключ', 'г. Горячий ключ', '18 дней', '444 064 рублей', '884 м2 по стенам', '283 м2 по полу', 'Смесь Волма Гипс-Актив Экстра', NULL, NULL),
(20, 'Коттедж, Ставрополь', 'г. Ставрополь', '45 дней', '1 145 870 рублей', '2 215 м2 по стенам', '618 м2 по полу', 'Смесь Волма Гипс-Актив Экстра', NULL, NULL),
(21, 'Коттедж, СТ \"Дружба-1\"', 'г. Краснодар, СТ Дружба-1, 35', '3 дня', '88 716 рублей', '147 м2 по стенам', '52 м2 по полу', 'Смесь Волма Гипс-Актив Экстра', NULL, NULL),
(22, 'Коттедж, пгт. Ахтырский', 'пгт. Ахтырский', '5 дней', '102 796 рублей', '212 м2 по стенам', '63 м2 по полу', 'Смесь Кнауф МП 75', NULL, NULL),
(23, 'Коттедж, Новотиторовская', 'ст. Новотиторовская, ул. Первомайская, 114', '5 дней', '130 042 рублей', '226 м2 по стенам', '79 м2 по полу', 'Смесь Кнауф МП 75', NULL, NULL),
(24, 'Коттедж, Адыгейск', 'Адыгейск, ул. Пролетарская, 6', '5 дней', '135 445 рублей', '249 м2 по стенам', '80 м2 по полу', 'Смесь Волма Гипс-Актив Экстра', NULL, NULL),
(25, 'Коттедж, Краснодар', 'г. Краснодар, п. Лазурный, ул. Первомайская, 1', '6 дней', '143 180 рублей', '252 м2 по стенам', '88 м2 по полу', 'Смесь Волма Гипс-Актив Экстра', NULL, NULL),
(26, 'Квартира на Круговой', 'г. Краснодар, ул. Круговая 4В', '2 дня', '51 235 рублей', '77 м2 по стенам', '27 м2 по полу', 'Смесь Кнауф МП 75', NULL, NULL),
(27, 'Квартира на Уральской', 'г. Краснодар, ул. Уральская 71', '2 дня', '53 490 рублей', '95 м2 по стенам', '33 м2 по полу', 'Смесь Кнауф МП 75', NULL, NULL),
(28, 'Квартина на Гаражной', 'г. Краснодар, ул. Гаражная, 87', '3 дня', '56 430 рублей', '112 м2 по стенам', '37 м2 по полу', 'Смесь Кнауф МП 75', NULL, NULL),
(29, 'Квартира на Карякина', 'Краснодар, ул. Карякина, 5', '3 дня', '61 890 рублей', '112 м2 по стенам', '39 м2 по полу', 'Смесь Кнауф МП 75', NULL, NULL),
(30, 'Квартира на Садовой', 'г. Краснодар, ул. Садовая, 159', '3 дня', '65 736 рублей', '124 м2 по стенам', '43 м2 по полу', 'Смесь Кнауф МП 75', NULL, NULL),
(31, 'Квартира на Круговой', 'г. Краснодар, ул. Круговая, 4В', '3 дня', '69 155 рублей', '136 м2 по стенам', '47 м2 по полу', 'Смесь Кнауф МП 75', NULL, NULL),
(32, 'Квартира на Командорской', 'г. Краснодар, ул. Командорская, 15/1', '4 дня', '74 861 рублей', '156 м2 по стенам', '54 м2 по полу', 'Смесь Кнауф МП 75', NULL, NULL),
(33, 'Квартира на Селезнева', 'г. Краснодар, ул. Селезнева, 45', '4 дня', '80 250 рублей', '166 м2 по стенам', '58 м2 по полу', 'Смесь Кнауф МП 75', NULL, NULL),
(34, 'Квартира на Селезнева', 'г. Краснодар, ул. Карлсруэвская, 9/2', '4 дня', '88 040 рублей', '193 м2 по стенам', '60 м2 по полу', 'Смесь Кнауф МП 75', NULL, NULL),
(35, 'Квартира на Античной', 'г. Краснодар, ул. Античная, 2', '4 дня', '85 131 рублей', '182 м2 по стенам', '63 м2 по полу', 'Смесь Кнауф МП 75', NULL, NULL),
(36, 'Квартира на Автолюбителей', 'г. Краснодар, ул. Автолюбителей, 52/4', '5 дней', '96 091 рублей', '202 м2 по стенам', '70 м2 по полу', 'Смесь Кнауф МП 75', NULL, NULL),
(37, 'Квартира на Парусной ', 'г. Краснодар, ул. Парусная, 10', '5 дней', '111 540 рублей', '234 м2 по стенам', '82 м2 по полу', 'Смесь Кнауф МП 75', NULL, NULL),
(38, 'Квартира на Строителей', 'г. Краснодар, ул. Строителей 21', '5 дней', '103 437 рублей', '220 м2 по стенам', '77 м2 по полу', 'Смесь Кнауф МП 75', NULL, NULL),
(39, 'Квартира на Промышленной', 'г. Краснодар, ул. Ул. Промышленная, 102', '5 дней', '130 345 рублей', '246 м2 по стенам', '87 м2 по полу', 'Смесь Кнауф МП 75', NULL, NULL),
(40, 'Квартира на Конгрессной', 'г. Краснодар, Конгрессная, 15', '6 дней', '143 180 рублей', '260 м2 по стенам', '90 м2 по полу', 'Смесь Кнауф МП 75', NULL, NULL),
(41, 'Квартира на Уральской', 'г. Краснодар, ул. Уральская 71', '6 дней', '133 340 рублей', '284 м2 по стенам', '100 м2 по полу', 'Смесь Кнауф МП 75', NULL, NULL),
(42, 'Квартира на Заполярной', 'г. Краснодар, ул. Заполярная 39', '7 дней', '172 319 рублей', '336 м2 по стенам', '117 м2 по полу', 'Смесь Кнауф МП 75', NULL, NULL),
(43, 'Квартира на Крутовой', 'г. Краснодар, ул. Круговая, 4В', '7 дней', '169 214 рублей', '318 м2 по стенам', '111 м2 по полу', 'Смесь Кнауф МП 75', NULL, NULL),
(44, 'Квартира на 5-й дорожной', 'г. Краснодар, ул. 5-я дорожная, 68', '7 дней', '187 803 рублей', '345 м2 по стенам', '121 м2 по полу', 'Смесь Кнауф МП 75', NULL, NULL),
(45, 'Квартира на Гаражной', 'г. Краснодар, ул. Гаражная 79/1', '9 дней', '203 835 рублей', '412 м2 по стенам', '144 м2 по полу', 'Смесь Кнауф МП 75', NULL, NULL),
(46, 'Квартира на Душистой', 'г. Краснодар, ул. Душистая, 77', '9 дней', '217 369 рублей', '456 м2 по стенам', '160 м2 по полу', 'Смесь Кнауф МП 75', NULL, NULL),
(47, 'Квартира на Античной', 'г. Краснодар, ул. Антична 8', '10 дней', '245 409 рублей', '489 м2 по стенам', '170 м2 по полу', 'Смесь Кнауф МП 75', NULL, NULL),
(48, 'Квартира на Автолюбителей', 'г. Краснодар, ул. Автолюбителей 1/7', '11 дней', '333 462 рублей', '542 м2 по стенам', '190 м2 по полу', 'Смесь Кнауф МП 75', NULL, NULL),
(49, 'Квартира на Старокубанской', 'г. Краснодар, ул. Старокубанская 123', '11 дней', '257 055 рублей', '538 м2 по стенам', '188 м2 по полу', 'Смесь Кнауф МП 75', NULL, NULL),
(50, 'Квартира ЖК \"Перспектива\"', 'г. Краснодар, ул. Героев-Разведчиков, 6', '10 дней', '281 764 рублей', '497 м2 по стенам', '174 м2 по полу', 'Смесь Волма Гипс-Актив Экстра', NULL, NULL);

-- --------------------------------------------------------

--
-- Структура таблицы `failed_jobs`
--

DROP TABLE IF EXISTS `failed_jobs`;
CREATE TABLE IF NOT EXISTS `failed_jobs` (
  `id` bigint(20) UNSIGNED NOT NULL AUTO_INCREMENT,
  `uuid` varchar(191) COLLATE utf8mb4_unicode_ci NOT NULL,
  `connection` text COLLATE utf8mb4_unicode_ci NOT NULL,
  `queue` text COLLATE utf8mb4_unicode_ci NOT NULL,
  `payload` longtext COLLATE utf8mb4_unicode_ci NOT NULL,
  `exception` longtext COLLATE utf8mb4_unicode_ci NOT NULL,
  `failed_at` timestamp NOT NULL DEFAULT CURRENT_TIMESTAMP,
  PRIMARY KEY (`id`),
  UNIQUE KEY `failed_jobs_uuid_unique` (`uuid`)
) ENGINE=InnoDB DEFAULT CHARSET=utf8mb4 COLLATE=utf8mb4_unicode_ci;

-- --------------------------------------------------------

--
-- Структура таблицы `jobs`
--

DROP TABLE IF EXISTS `jobs`;
CREATE TABLE IF NOT EXISTS `jobs` (
  `id` bigint(20) UNSIGNED NOT NULL AUTO_INCREMENT,
  `queue` varchar(191) COLLATE utf8mb4_unicode_ci NOT NULL,
  `payload` longtext COLLATE utf8mb4_unicode_ci NOT NULL,
  `attempts` tinyint(3) UNSIGNED NOT NULL,
  `reserved_at` int(10) UNSIGNED DEFAULT NULL,
  `available_at` int(10) UNSIGNED NOT NULL,
  `created_at` int(10) UNSIGNED NOT NULL,
  PRIMARY KEY (`id`),
  KEY `jobs_queue_index` (`queue`)
) ENGINE=InnoDB DEFAULT CHARSET=utf8mb4 COLLATE=utf8mb4_unicode_ci;

-- --------------------------------------------------------

--
-- Структура таблицы `maps`
--

DROP TABLE IF EXISTS `maps`;
CREATE TABLE IF NOT EXISTS `maps` (
  `id` bigint(20) UNSIGNED NOT NULL AUTO_INCREMENT,
  `coordinate_x` double(7,5) NOT NULL,
  `coordinate_y` double(7,5) NOT NULL,
  `title` text COLLATE utf8mb4_unicode_ci NOT NULL,
  `address` text COLLATE utf8mb4_unicode_ci,
  `img` text COLLATE utf8mb4_unicode_ci,
  `param_one` text COLLATE utf8mb4_unicode_ci,
  `param_two` text COLLATE utf8mb4_unicode_ci,
  `param_three` text COLLATE utf8mb4_unicode_ci,
  `param_four` text COLLATE utf8mb4_unicode_ci,
  `created_at` timestamp NULL DEFAULT NULL,
  `updated_at` timestamp NULL DEFAULT NULL,
  PRIMARY KEY (`id`)
) ENGINE=InnoDB AUTO_INCREMENT=458 DEFAULT CHARSET=utf8mb4 COLLATE=utf8mb4_unicode_ci;

--
-- Дамп данных таблицы `maps`
--

INSERT INTO `maps` (`id`, `coordinate_x`, `coordinate_y`, `title`, `address`, `img`, `param_one`, `param_two`, `param_three`, `param_four`, `created_at`, `updated_at`) VALUES
(243, 44.99802, 39.06539, 'Краснодар', 'ул. Автолюбителей 1/7, кв 152', '89042398967', NULL, NULL, NULL, NULL, NULL, NULL),
(244, 44.98294, 38.93829, 'посёлок Яблоновский', 'ул. Лермонтова 18', '89183184262', NULL, NULL, NULL, NULL, NULL, NULL),
(245, 45.00036, 38.80933, 'СНТ Речник', 'ул. Набережная 690', '89183222595', NULL, NULL, NULL, NULL, NULL, NULL),
(246, 44.98803, 38.98888, 'аул Козет', 'пер. 1-й Кавказский 21 ', '1_kavkazski_21', NULL, NULL, NULL, NULL, NULL, NULL),
(247, 45.12322, 38.95586, 'Краснодар', '2-й Архангельский проезд 15', '2_arh_przd-15', NULL, NULL, NULL, NULL, NULL, NULL),
(248, 45.01646, 39.00848, 'Краснодар', '2-й проезд Шевченко 54', '2_przd_54', NULL, NULL, NULL, NULL, NULL, NULL),
(249, 45.09745, 38.95327, 'Краснодар', 'ул.  60-летия Победы 55', '60_letpobed_55', NULL, NULL, NULL, NULL, NULL, NULL),
(250, 45.05269, 38.88634, 'Краснодар', 'ул. A.В. Дёмина 28', 'a_v_dem', NULL, NULL, NULL, NULL, NULL, NULL),
(251, 44.88262, 39.18220, 'Адыгейск', 'проспект Ленина 3', 'adig_lenina_3', NULL, NULL, NULL, NULL, NULL, NULL),
(252, 44.87623, 39.19570, 'Адыгейск', 'ул. Пролетарская 6/1', 'adig_proletarskaya6', NULL, NULL, NULL, NULL, NULL, NULL),
(253, 45.09286, 39.03765, 'Краснодар', 'ул. Адмиралтейский бульвар 3/1, оф 6', 'admiral_6', NULL, NULL, NULL, NULL, NULL, NULL),
(254, 44.14686, 39.03525, 'село Агой ', 'ул. Солнечная 11', 'agoy_solnechnaya', NULL, NULL, NULL, NULL, NULL, NULL),
(255, 44.14769, 39.03678, 'село Агой ', 'ул. Яблоневая 3', 'agoy_yablonevaya', NULL, NULL, NULL, NULL, NULL, NULL),
(256, 45.14128, 39.19487, 'посёлок Агроном', 'ул. Шевченко 14а', 'agronom_shev_14', NULL, NULL, NULL, NULL, NULL, NULL),
(257, 44.86028, 37.34580, 'село Супсех', 'ул. Прибрежная 52', 'anapa_lisayagora', NULL, NULL, NULL, NULL, NULL, NULL),
(258, 45.38224, 39.54715, 'станица Раздольная', 'ул. Аптекарская 19', 'aptek_19', NULL, NULL, NULL, NULL, NULL, NULL),
(259, 45.17529, 38.99281, 'СНТ Пригород', 'ул. Атамана Маламы 130', 'atamana_malami', NULL, NULL, NULL, NULL, NULL, NULL),
(260, 45.00589, 39.12812, 'ДТ Верхний Казачий хутор', 'Атаманская 42', 'atamanskaya_42', NULL, NULL, NULL, NULL, NULL, NULL),
(261, 44.99801, 39.06624, 'Краснодар', 'ул. Автолюбителей 1/7, кв. 340', 'avtolub_340', NULL, NULL, NULL, NULL, NULL, NULL),
(262, 45.11998, 38.92408, 'Краснодар', 'ул. Баварская 35', 'bavarskaya_36', NULL, NULL, NULL, NULL, NULL, NULL),
(263, 45.79983, 39.00852, 'станица Брюховецкая ', 'ул. Береговая 51', 'beregovaya_52', NULL, NULL, NULL, NULL, NULL, NULL),
(264, 45.11968, 38.92294, 'Краснодар', 'Немецкая деревня', 'beremenskaya_10', NULL, NULL, NULL, NULL, NULL, NULL),
(265, 44.62380, 39.13314, 'Горячий ключ', 'ул. Берёзовая 1', 'berezovaya_1', NULL, NULL, NULL, NULL, NULL, NULL),
(266, 45.00558, 39.08439, 'Краснодар', 'ул. Дмитрия Благоева 29 кв 117', 'blagoeva_29_17', NULL, NULL, NULL, NULL, NULL, NULL),
(267, 45.02830, 39.25207, 'хутор Ленина ', 'ул. Братская 4', 'bratskaya_4', NULL, NULL, NULL, NULL, NULL, NULL),
(268, 46.04661, 38.16061, 'Приморско-Ахтарск', 'ул. Братская 97/1', 'bratskaya_97', NULL, NULL, NULL, NULL, NULL, NULL),
(269, 45.78540, 39.01477, 'станица Брюховетская', 'ул. Восточная 3', 'bruhov_vost', NULL, NULL, NULL, NULL, NULL, NULL),
(270, 44.04310, 42.90338, 'Ессентуки', 'ул. имени Буткевича 15', 'butkevich_15', NULL, NULL, NULL, NULL, NULL, NULL),
(271, 45.42028, 39.99186, 'хутор Безлесный', 'ул. Красная 95', 'bzls_krasnaya_95', NULL, NULL, NULL, NULL, NULL, NULL),
(272, 45.09902, 41.07135, 'Новокубанск', 'ул. Чайковского 2/8', 'chaikovskogo_28', NULL, NULL, NULL, NULL, NULL, NULL),
(273, 45.03150, 38.96480, 'Краснодар', 'ул. Чапаева 43', 'chapaeva_43', NULL, NULL, NULL, NULL, NULL, NULL),
(274, 45.46048, 38.99575, 'станица Медвёдовская ', 'ул. Чапаева 77', 'chapaeva_77', NULL, NULL, NULL, NULL, NULL, NULL),
(275, 45.02179, 38.91521, 'СТ Дорожник', 'ул. Цветочная 35', 'cvetochnaya_35', NULL, NULL, NULL, NULL, NULL, NULL),
(276, 45.16629, 38.99074, 'посёлок Берёзовый', 'ул. Дальняя 30', 'dalnaya_30', NULL, NULL, NULL, NULL, NULL, NULL),
(277, 45.09000, 38.89964, 'Краснодар', 'ул. Даниила Смоляна 65', 'danilsmolan', NULL, NULL, NULL, NULL, NULL, NULL),
(278, 45.62474, 38.95085, 'Тимашевск', 'ул. Деповская 38', 'depovskaya_38', NULL, NULL, NULL, NULL, NULL, NULL),
(279, 45.00488, 39.12824, 'ДТ Верхний Казачий хутор', 'ул. Дикуна 13', 'dinkuna_13', NULL, NULL, NULL, NULL, NULL, NULL),
(280, 45.22120, 39.24379, 'станица Динская', 'ул. Крестьянская 15', 'dinskaya_k', NULL, NULL, NULL, NULL, NULL, NULL),
(281, 45.23555, 39.23943, 'станица Динская', 'ул.  70 лет Октября 62', 'dinskaya_okt_62', NULL, NULL, NULL, NULL, NULL, NULL),
(282, 45.03131, 38.99797, 'Краснодар', 'ул. Длинная 335', 'dlinnaya_335', NULL, NULL, NULL, NULL, NULL, NULL),
(283, 45.08796, 38.89807, 'Краснодар', 'ул. Дмитрия Морозова 17', 'dmitr_morozov_17', NULL, NULL, NULL, NULL, NULL, NULL),
(284, 45.09000, 38.89964, 'Краснодар', 'ул. Даниила Смоляна 65/2', 'dnl_smln_652', NULL, NULL, NULL, NULL, NULL, NULL),
(285, 45.08605, 38.89898, 'Краснодар', 'ул. Даниила Смоляна 56', 'dnl_smol_56', NULL, NULL, NULL, NULL, NULL, NULL),
(286, 45.07184, 39.03584, 'Краснодар', 'ул. Домбайская 55', 'dombaiskaya_55', NULL, NULL, NULL, NULL, NULL, NULL),
(287, 44.93812, 40.37698, 'посёлок Дружба', 'ул. Майская 9', 'dr_mayskaya_9', NULL, NULL, NULL, NULL, NULL, NULL),
(288, 45.06576, 39.10390, 'ДНТ Новознаменский', 'ул. Драгоценная 22', 'dragotsennaya_22', NULL, NULL, NULL, NULL, NULL, NULL),
(289, 45.60285, 38.95425, 'Тимашевск', 'ул. Дружбы 17', 'druzby_17', NULL, NULL, NULL, NULL, NULL, NULL),
(290, 45.10149, 38.96358, 'Краснодар', 'ул. Дворцовая 16', 'dvortsovaya_16', NULL, NULL, NULL, NULL, NULL, NULL),
(291, 45.13683, 38.95805, 'Краснодар', 'ул. Эгейская 3, к74', 'egeiskay_3_k_74', NULL, NULL, NULL, NULL, NULL, NULL),
(292, 45.60017, 38.95465, 'Тимашевск', 'ул. Екатеринодарская 86', 'ekaterinodar_86', NULL, NULL, NULL, NULL, NULL, NULL),
(293, 45.05799, 39.25874, 'Краснодар', 'КП \"Эко парк\"', 'eko_park', NULL, NULL, NULL, NULL, NULL, NULL),
(294, 45.03940, 38.96686, 'Краснодар', 'ул. Фрунзе 180', 'frunce_180', NULL, NULL, NULL, NULL, NULL, NULL),
(295, 45.25106, 37.48228, 'Темрюк', 'ул.  Гагарина 333', 'gagarina_333', NULL, NULL, NULL, NULL, NULL, NULL),
(296, 45.78392, 39.01196, 'станица Брюховецкая', 'ул. Гагарина 4', 'gagarina_4', NULL, NULL, NULL, NULL, NULL, NULL),
(297, 45.04968, 38.97110, 'Краснодар', 'ул. Гаражная 11', 'garaznaya_11', NULL, NULL, NULL, NULL, NULL, NULL),
(298, 45.04880, 39.03343, 'Краснодар', 'ул. Героев-Разведчиков 6/3, кв 66', 'geroevraz_66', NULL, NULL, NULL, NULL, NULL, NULL),
(299, 44.67810, 39.29950, 'Горячий ключ', 'ул. Счастливая 5', 'gk_schastlivaya', NULL, NULL, NULL, NULL, NULL, NULL),
(300, 44.57144, 38.07323, 'Геленджик ', 'ул. Мира 40, кв 205', 'gln_205', NULL, NULL, NULL, NULL, NULL, NULL),
(301, 44.57144, 38.07323, 'Геленджик ', 'ул. Мира 40, кв 275', 'gln_275', NULL, NULL, NULL, NULL, NULL, NULL),
(302, 44.57144, 38.07323, 'Геленджик ', 'ул. Мира 40, кв 59', 'gln_59', NULL, NULL, NULL, NULL, NULL, NULL),
(303, 44.82294, 38.36877, 'станица Холмская', 'ул. Гоголя 393', 'gogoly_393', NULL, NULL, NULL, NULL, NULL, NULL),
(304, 44.91382, 38.92083, 'посёлок Энем', 'ул. Горького 109', 'gorkogo_109', NULL, NULL, NULL, NULL, NULL, NULL),
(305, 44.86825, 38.67711, 'станица Северская ', 'ул. Горный переулок 5', 'gornyp_5', NULL, NULL, NULL, NULL, NULL, NULL),
(306, 45.06332, 39.10278, 'ДНТ Новознаменский', 'ул. Гранатовая 29', 'granatovaya_29', NULL, NULL, NULL, NULL, NULL, NULL),
(307, 45.18556, 38.60045, 'станица Новомышастовская', 'ул. Гражданская 23', 'grazdanskaya_23', NULL, NULL, NULL, NULL, NULL, NULL),
(308, 45.13423, 38.95383, 'Краснодар', 'ул. Греческий бульвар 1/106', 'grecheskiy_106', NULL, NULL, NULL, NULL, NULL, NULL),
(309, 45.13687, 38.95460, 'Краснодар', 'ул. Греческий бульвар 1/186', 'grecheskiy_186', NULL, NULL, NULL, NULL, NULL, NULL),
(310, 45.12805, 39.18036, 'СТ Наука', 'ул. Грушевая 281', 'grusha_280', NULL, NULL, NULL, NULL, NULL, NULL),
(311, 45.34392, 40.68522, 'Гулькевичи', 'ул. Мирная 14', 'gulkevichi_mirnaya_14', NULL, NULL, NULL, NULL, NULL, NULL),
(312, 44.52673, 40.70901, 'аул Ходзь', 'ул. Краснооктябрьская 166', 'hodz_166', NULL, NULL, NULL, NULL, NULL, NULL),
(313, 44.84806, 38.37861, 'станица Холмская', 'ул.Ленина 44', 'holmskaya_len44', NULL, NULL, NULL, NULL, NULL, NULL),
(314, 44.81794, 38.56756, 'посёлок Ильский', 'ул. Гоголя 4', 'ilsk_gogolya', NULL, NULL, NULL, NULL, NULL, NULL),
(315, 45.10461, 39.06905, 'Краснодар', 'ул. им. Николая Жугана', 'im_nik_zhugana', NULL, NULL, NULL, NULL, NULL, NULL),
(316, 45.10315, 39.01627, 'Краснодар', 'ул. Интернациональный бульвар 236', 'inter_bulvar_236', NULL, NULL, NULL, NULL, NULL, NULL),
(317, 45.61200, 38.96308, 'Тимашевск', 'ул. Изумрудная 56а', 'izumrudnaya_56', NULL, NULL, NULL, NULL, NULL, NULL),
(318, 45.20045, 36.70272, 'станица Тамань', 'ул. Калинина 178б', 'kalinina_178', NULL, NULL, NULL, NULL, NULL, NULL),
(319, 45.08372, 39.08962, 'посёлок Индустриальный', 'ул. Калиновая 27', 'kalinovaya_27', NULL, NULL, NULL, NULL, NULL, NULL),
(320, 45.06002, 38.94072, 'Краснодар', 'улица Каляева 263/4, кв 205', 'kalyaeva_263_205', NULL, NULL, NULL, NULL, NULL, NULL),
(321, 45.04467, 38.95504, 'Краснодар', 'ул. Карла Маркса 60', 'karla_marksa_60', NULL, NULL, NULL, NULL, NULL, NULL),
(322, 45.60367, 38.95241, 'Тимашевск', 'ул. Кирпильская 22', 'kirpilskaya_22', NULL, NULL, NULL, NULL, NULL, NULL),
(323, 45.08539, 38.75292, 'СНТ Кубанская Нива-2', 'ул. Клубничная 768 а', 'klubnichnaya_768', NULL, NULL, NULL, NULL, NULL, NULL),
(324, 44.67762, 39.98107, 'станица Ханская', 'ул. Коллективная 1а', 'kollectovnaya_1', NULL, NULL, NULL, NULL, NULL, NULL),
(325, 45.09445, 39.03288, 'Краснодар', 'ул. Командорская 15/1, кв 155', 'komandorskay_155', NULL, NULL, NULL, NULL, NULL, NULL),
(326, 45.09450, 39.03359, 'Краснодар', 'ул. Командорская 15/1, кв 425', 'komandorskaya_425', NULL, NULL, NULL, NULL, NULL, NULL),
(327, 45.01742, 38.97281, 'Краснодар', 'ул. Комумунаров 26', 'kommunarov_26', NULL, NULL, NULL, NULL, NULL, NULL),
(328, 45.10894, 38.96211, 'Краснодар', 'ул. Конгрессная 19/1, кв. 156', 'kongres_156', NULL, NULL, NULL, NULL, NULL, NULL),
(329, 45.10812, 38.95815, 'Краснодар', 'ул. Конгрессная 33', 'kongress_33', NULL, NULL, NULL, NULL, NULL, NULL),
(330, 45.46537, 39.45376, 'посёлок Кореновск', 'ул. Комсомольская 26', 'korenovsk_26', NULL, NULL, NULL, NULL, NULL, NULL),
(331, 44.98827, 39.00225, 'аул Козет', 'ул. Мира 21', 'kozet_mira', NULL, NULL, NULL, NULL, NULL, NULL),
(332, 44.98777, 39.00232, 'аул Козет', 'ул. Мира 25', 'kozet_mira_25', NULL, NULL, NULL, NULL, NULL, NULL),
(333, 44.98966, 39.00161, 'аул Козет', 'ул. Мира 7', 'kozet_mira_7', NULL, NULL, NULL, NULL, NULL, NULL),
(334, 44.99574, 39.00568, 'аул Козет', 'ул. Степная 23а', 'kozetstepnaya_23', NULL, NULL, NULL, NULL, NULL, NULL),
(335, 45.03200, 39.25207, 'хутор Ленина ', 'ул. Красивая 33', 'krasivaya_33', NULL, NULL, NULL, NULL, NULL, NULL),
(336, 45.21603, 37.87568, 'станица Анастасиевская', 'ул. Красная 165', 'krasnaya_165', NULL, NULL, NULL, NULL, NULL, NULL),
(337, 45.17505, 39.03048, 'посёлок Южный', 'ул. Красная 42', 'krasnaya_42uz', NULL, NULL, NULL, NULL, NULL, NULL),
(338, 45.00715, 38.95710, 'Краснодар', 'ул. Краснодонская 72', 'krasnodonskaya_72', NULL, NULL, NULL, NULL, NULL, NULL),
(339, 45.13380, 38.98752, 'Краснодар', 'ул. Каменная 12/2', 'krd_kamennaya', NULL, NULL, NULL, NULL, NULL, NULL),
(340, 45.11980, 38.97377, 'Краснодар', 'ул. 4-й Городецкий проезд 38', 'krdgord', NULL, NULL, NULL, NULL, NULL, NULL),
(341, 45.37510, 38.43027, 'станица Старонижестеблиевская', 'ул. Кривая 33', 'krivaya_33', NULL, NULL, NULL, NULL, NULL, NULL),
(342, 45.07373, 38.95194, 'Краснодар', 'ул. Круговая 4в, 179 кв', 'krugovaya_179', NULL, NULL, NULL, NULL, NULL, NULL),
(343, 45.61432, 38.92098, 'Тимашевск', 'ул. Курганная 128', 'kurgannaya_128', NULL, NULL, NULL, NULL, NULL, NULL),
(344, 44.11060, 42.98627, 'Лермонтов', 'ул. Курганная 16', 'kurgannaya_16', NULL, NULL, NULL, NULL, NULL, NULL),
(345, 45.01031, 39.06405, 'Краснодар', 'ул. Курортный Посёлок 70', 'kurortpos', NULL, NULL, NULL, NULL, NULL, NULL),
(346, 45.43950, 40.66245, 'станица Кавказская', 'ул. Мира 189', 'kvkz_mira', NULL, NULL, NULL, NULL, NULL, NULL),
(347, 44.92178, 37.98679, 'Крымск', 'ул. Ленина 114', 'lenina_114_krmsk', NULL, NULL, NULL, NULL, NULL, NULL),
(348, 45.23574, 38.96593, 'станица Новотиторовская ', 'ул. Ленина 246', 'lenina_246', NULL, NULL, NULL, NULL, NULL, NULL),
(349, 45.05862, 39.23009, 'СНТ Дружба', 'ул. Малиновая 2 ', 'malinovaya_druzba', NULL, NULL, NULL, NULL, NULL, NULL),
(350, 45.80722, 39.00969, 'станица Брюховецкая', 'ул. 8 Марта 33', 'march_33', NULL, NULL, NULL, NULL, NULL, NULL),
(351, 45.38551, 39.42381, 'хутор Казачий', 'ул. Матросовая 32', 'matrosovaya_32', NULL, NULL, NULL, NULL, NULL, NULL),
(352, 44.61882, 40.12341, 'Майкоп', 'ул. Прямая 357', 'maykop_premia', NULL, NULL, NULL, NULL, NULL, NULL),
(353, 45.44090, 39.01584, 'станица Медвёдовская ', 'ул. Береговая 1', 'med_beregovaya', NULL, NULL, NULL, NULL, NULL, NULL),
(354, 44.65491, 37.76081, 'село Мысхако', 'ул. Рассветная 16', 'miskhako_16', NULL, NULL, NULL, NULL, NULL, NULL),
(355, 45.06222, 39.17105, 'посёлок Знаменский', 'ул. Морская 16', 'morskaya_16', NULL, NULL, NULL, NULL, NULL, NULL),
(356, 45.03095, 38.93634, 'аул Новая Адыгея', 'ул. Майкопская 4', 'n_a_maykopskaya_4', NULL, NULL, NULL, NULL, NULL, NULL),
(357, 45.09563, 38.93242, 'СТ Дружба-1', 'ул. Народная 35', 'narodnaya_35', NULL, NULL, NULL, NULL, NULL, NULL),
(358, 45.06299, 38.98319, 'Краснодар', 'ул. Шоссе Нефтяников 18/2, кв 12', 'neft_12', NULL, NULL, NULL, NULL, NULL, NULL),
(359, 45.11987, 38.92715, 'Краснодар', 'мкр-н Немецкая Деревня', 'nemetskayderevnya', NULL, NULL, NULL, NULL, NULL, NULL),
(360, 44.98447, 39.06262, 'Нижний Казачий Хутор', 'ул. Алексендра Невского 28', 'nevskogo_28', NULL, NULL, NULL, NULL, NULL, NULL),
(361, 45.10466, 39.06976, 'Краснодар', 'Николино Парк 2', 'nikolino_park_2', NULL, NULL, NULL, NULL, NULL, NULL),
(362, 45.16707, 39.02588, 'посёлок Южный', 'ул. Никольская 113', 'nikolskaya_113', NULL, NULL, NULL, NULL, NULL, NULL),
(363, 45.25525, 38.98331, 'станица Новотитаровская ', 'ул.Первомайская 45', 'nn_starotit', NULL, NULL, NULL, NULL, NULL, NULL),
(364, 45.23490, 38.31432, 'посёлок Рисоопытный', 'ул. Новая 11', 'novaya_11', NULL, NULL, NULL, NULL, NULL, NULL),
(365, 44.98416, 38.94629, 'посёлок Яблоновский', 'ул. Новая 112', 'novaya_112', NULL, NULL, NULL, NULL, NULL, NULL),
(366, 45.60683, 38.96398, 'Тимашевск', 'ул. Одесская 10', 'odesskaya_10', NULL, NULL, NULL, NULL, NULL, NULL),
(367, 45.06873, 39.18002, 'ДНТ Знаменский', 'ул. Офицерская 27', 'oficerskaya_27', NULL, NULL, NULL, NULL, NULL, NULL),
(368, 45.20425, 38.58681, 'станица Новомышастовская', 'ул. Октябрьская 72', 'oktiabrskaya_72', NULL, NULL, NULL, NULL, NULL, NULL),
(369, 44.98314, 38.96326, 'аул Тахтамукай', 'ул. Олимпийская 11', 'olimp_11', NULL, NULL, NULL, NULL, NULL, NULL),
(370, 45.17199, 39.01052, 'Краснодар', 'ул. Олимпийский проспект 178', 'olimp_park', NULL, NULL, NULL, NULL, NULL, NULL),
(371, 45.15935, 39.04599, 'Краснодар', 'ул. Онежский проезд 24', 'onezski_24', NULL, NULL, NULL, NULL, NULL, NULL),
(372, 45.10371, 38.93934, 'СНТ Лесник', 'ул. Ореховая 162', 'orehovaya_162', NULL, NULL, NULL, NULL, NULL, NULL),
(373, 45.04355, 38.88046, 'СНТ Виктория', 'ул. Озёрная 75', 'ozernaya_75', NULL, NULL, NULL, NULL, NULL, NULL),
(374, 46.05101, 38.17748, 'Приморско-Ахтарск', 'ул. Чапаева 103', 'pa_chapaeva', NULL, NULL, NULL, NULL, NULL, NULL),
(375, 44.85075, 38.40628, 'станица Холмская', 'пер. Ореховый 19', 'per_orehoviy_19', NULL, NULL, NULL, NULL, NULL, NULL),
(376, 45.25660, 38.98281, 'станица Новотитаровская', 'ул. Первомайская 114', 'pervomai_114', NULL, NULL, NULL, NULL, NULL, NULL),
(377, 45.60013, 38.92695, 'Тимашевск', 'ул. Первомайская 56', 'pervomaiskay56', NULL, NULL, NULL, NULL, NULL, NULL),
(378, 45.36926, 39.68898, 'станица Кирпильская', 'ул. Первомайская 46', 'pervomaiskaya_46', NULL, NULL, NULL, NULL, NULL, NULL),
(379, 45.59988, 38.92703, 'Тимашевск', 'ул. Первомайская 60', 'pervomaiskaya_60', NULL, NULL, NULL, NULL, NULL, NULL),
(380, 45.15389, 39.12468, 'посёлок Лазурный', 'ул. Первомайская 1', 'pervomaiskaya_928', NULL, NULL, NULL, NULL, NULL, NULL),
(381, 45.18747, 38.59501, 'станица Новомышастовская', 'ул. Почтовая 103', 'pochtovaya_103', NULL, NULL, NULL, NULL, NULL, NULL),
(382, 45.20028, 38.59011, 'станица Новомышастовская', 'ул. Пролетарская 39', 'proletarskaya_39', NULL, NULL, NULL, NULL, NULL, NULL),
(383, 45.37062, 38.21225, 'станица Полтавская', 'ул. Просвещения 102', 'prosvecheniya_102', NULL, NULL, NULL, NULL, NULL, NULL),
(384, 45.28669, 39.16717, 'село Красносельское', 'ул. Пушкина 11а', 'pushkina_11', NULL, NULL, NULL, NULL, NULL, NULL),
(385, 45.18440, 38.59540, 'Краснодар', 'станица Новомышастовская', 'rabochaya_42', NULL, NULL, NULL, NULL, NULL, NULL),
(386, 44.98805, 38.93690, 'посёлок Яблоновский', 'ул. Рабочий переулок 20', 'rabochiper_20', NULL, NULL, NULL, NULL, NULL, NULL),
(387, 44.97526, 39.06336, 'СНТ Излучина-Кубань', 'ул. Речная 17', 'rechnaya_17', NULL, NULL, NULL, NULL, NULL, NULL),
(388, 45.06705, 39.05229, 'Краснодар', 'ул. Романовская 12', 'romanovskaya_12', NULL, NULL, NULL, NULL, NULL, NULL),
(389, 44.65037, 40.10991, 'посёлок Северный', 'ул. Романтиков 3', 'romantikov_3', NULL, NULL, NULL, NULL, NULL, NULL),
(390, 44.59201, 40.14534, 'Майкоп', 'ул. Российская 65', 'rossiskaya_65', NULL, NULL, NULL, NULL, NULL, NULL),
(391, 45.06138, 38.94484, 'Краснодар', 'ул. Савхозная 1, кв 44', 'savhoznaya_1_44', NULL, NULL, NULL, NULL, NULL, NULL),
(392, 45.46093, 39.02388, 'станица Медвёдовская ', 'ул. Селькоровская 23', 'selkorovskaya_23', NULL, NULL, NULL, NULL, NULL, NULL),
(393, 44.84741, 38.17059, 'Абинск', 'ул. Севастопольская 40а', 'sevastopolskaya_40', NULL, NULL, NULL, NULL, NULL, NULL),
(394, 44.84056, 38.68558, 'станица Северская', 'ул. Украинская 71 ', 'seversk_ukrainskaya_71', NULL, NULL, NULL, NULL, NULL, NULL),
(395, 46.09790, 38.25399, 'станица Бородинская', 'ул. Школьная 1', 'shkolnaya_1', NULL, NULL, NULL, NULL, NULL, NULL),
(396, 47.30945, 40.39725, 'станица Багаевская', 'ул. Шолохова 32', 'sholohova_32', NULL, NULL, NULL, NULL, NULL, NULL),
(397, 44.62151, 39.11471, 'Горячий ключ', 'ул. Щорса 36', 'shorsa_36', NULL, NULL, NULL, NULL, NULL, NULL),
(398, 45.12090, 40.99466, 'Новокубанск', 'ул. Шоссейная 28', 'shosseinaya_28', NULL, NULL, NULL, NULL, NULL, NULL),
(399, 45.00426, 38.98816, 'посёлок Новый', 'ул. Шоссейная 58', 'shosseinaya_58', NULL, NULL, NULL, NULL, NULL, NULL),
(400, 44.99732, 38.98315, 'аул Козет', 'ул. Шовгенова 78', 'shovhenova_78', NULL, NULL, NULL, NULL, NULL, NULL),
(401, 44.76505, 38.33612, 'посёлок Синегорск', 'ул. Школьный переулок', 'sng_shcool', NULL, NULL, NULL, NULL, NULL, NULL),
(402, 44.81456, 38.84053, 'СНТ Отдых', '', 'snt_otdih', NULL, NULL, NULL, NULL, NULL, NULL),
(403, 45.03981, 41.94352, 'Ставрополь', 'ул. Сочинская 28', 'sochinskaya_28', NULL, NULL, NULL, NULL, NULL, NULL),
(404, 45.03079, 39.08492, 'Краснодар', 'ул. Сормовская 123', 'sormovskaya_123', NULL, NULL, NULL, NULL, NULL, NULL),
(405, 44.62240, 39.11505, 'Горячий ключ', 'ул. Щорса 26', 'sorsa_26', NULL, NULL, NULL, NULL, NULL, NULL),
(406, 45.30497, 39.23472, 'станица Пластуновская', 'ул. Средняя 54', 'srednya_54', NULL, NULL, NULL, NULL, NULL, NULL),
(407, 45.29465, 39.26549, 'станица Пластуновская', 'ул. Средняя 56', 'srednya_56', NULL, NULL, NULL, NULL, NULL, NULL),
(408, 45.02498, 39.25888, 'СНТ  Юбилейное', 'ул. Солнечная 45', 'st_solnechnaya_45', NULL, NULL, NULL, NULL, NULL, NULL),
(409, 45.07393, 38.96913, 'Краснодар', 'ул. Стахановская 1/5, кв 15', 'stahanovskaya_157', NULL, NULL, NULL, NULL, NULL, NULL),
(410, 45.00755, 39.03805, 'Краснодар', 'ул. Старокубанская 22', 'starokub_22', NULL, NULL, NULL, NULL, NULL, NULL),
(411, 45.01727, 39.04703, 'Краснодар', 'ул. Старокубанская 123 а', 'starokub_23', NULL, NULL, NULL, NULL, NULL, NULL),
(412, 45.02311, 39.04978, 'Краснодар', 'ул. Старокубанская 137/1, кв 43', 'starokub_43', NULL, NULL, NULL, NULL, NULL, NULL),
(413, 45.02801, 39.05187, 'Краснодар', 'ул. Старокубанская 124, кв 366кв', 'starokubansaya_366', NULL, NULL, NULL, NULL, NULL, NULL),
(414, 44.71104, 38.82442, 'станица Ставропольская', 'ул. Пушкина 11', 'stavrpushkina_11', NULL, NULL, NULL, NULL, NULL, NULL),
(415, 45.09943, 38.95480, 'Краснодар', 'ул. Степана Коцура 52', 'stepana_kotsura_52', NULL, NULL, NULL, NULL, NULL, NULL),
(416, 45.24516, 38.97226, 'станица Новотитаровская', 'ул. Степная 177', 'stepnaya_177', NULL, NULL, NULL, NULL, NULL, NULL),
(417, 45.04145, 39.30551, 'станица Старокорсунская', 'ул. Шевченко 12', 'stkrsn_shevchenko_12', NULL, NULL, NULL, NULL, NULL, NULL),
(418, 45.06259, 39.33333, 'станица Старокорсунская', 'ул. Красноармейская 13', 'str_krasnoarm_13', NULL, NULL, NULL, NULL, NULL, NULL),
(419, 45.06474, 39.33459, 'станица Старокорсунская', 'ул. Красноармейская 7', 'strkns_krasnoarm_7', NULL, NULL, NULL, NULL, NULL, NULL),
(420, 45.04853, 39.29563, 'станица Старокорсунская', 'ул. Садовая 62', 'strkns_sadovaya_62', NULL, NULL, NULL, NULL, NULL, NULL),
(421, 45.06985, 39.33125, 'станица Старокорсунская', 'ул. Спортивная 29', 'strkns_sportivnaya_29', NULL, NULL, NULL, NULL, NULL, NULL),
(422, 45.06663, 38.98129, 'Краснодар', 'ул. Строителей 21', 'stroitelei_21', NULL, NULL, NULL, NULL, NULL, NULL),
(423, 45.08402, 39.00218, 'Краснодар', 'ул. Суздальская 11, кв 30', 'suzdalskaya_11', NULL, NULL, NULL, NULL, NULL, NULL),
(424, 45.28819, 39.15314, 'село Красносельское', 'микрорайон Светлый 74а', 'svetly_74', NULL, NULL, NULL, NULL, NULL, NULL),
(425, 45.20016, 38.59642, 'станица Новомышастовская', 'ул. Таманская 104', 'tamanskaya_104', NULL, NULL, NULL, NULL, NULL, NULL),
(426, 45.61256, 38.92361, 'Тимашевск', 'пер. Речной 6а', 'tim_rechnoy_6', NULL, NULL, NULL, NULL, NULL, NULL),
(427, 44.62772, 39.13312, 'Горячий ключ', 'ул. Титова 23', 'titova_23', NULL, NULL, NULL, NULL, NULL, NULL),
(428, 45.07150, 38.93180, 'Краснодар', 'ул. 2-й проезд имени Толбухина 37', 'tolbuhina_37', NULL, NULL, NULL, NULL, NULL, NULL),
(429, 45.84060, 39.02915, 'станица Переясловская', 'ул. Толстого 30', 'tolstogo_30', NULL, NULL, NULL, NULL, NULL, NULL),
(430, 45.03476, 39.30683, 'станица Старокорсунская', 'ул. Туманная 51', 'tumannaya_57', NULL, NULL, NULL, NULL, NULL, NULL),
(431, 45.05904, 38.96188, 'Краснодар', 'ул.  Тургенева 138А', 'turgeneva_138_a', NULL, NULL, NULL, NULL, NULL, NULL),
(432, 45.04653, 38.99820, 'Краснодар', 'ул. Украинская 36', 'ukrainskaya_36', NULL, NULL, NULL, NULL, NULL, NULL),
(433, 45.03271, 39.04326, 'Краснодар', 'ул. Уральская 71, кв 120', 'uralskay_71', NULL, NULL, NULL, NULL, NULL, NULL),
(434, 45.09994, 39.05476, 'Краснодар', 'ул. Вали Котика 1', 'vali_kotika_1', NULL, NULL, NULL, NULL, NULL, NULL),
(435, 45.09965, 39.05616, 'Краснодар', 'ул. Вали Котика 18', 'vali_kotika_18', NULL, NULL, NULL, NULL, NULL, NULL),
(436, 45.10527, 39.06923, 'Краснодар', 'ул. Василия Некрасова', 'vasiliyanekrasova', NULL, NULL, NULL, NULL, NULL, NULL),
(437, 45.03343, 38.78571, 'СНТ Надежда', 'ул. Весенняя 92', 'vesennaya_92', NULL, NULL, NULL, NULL, NULL, NULL),
(438, 45.04115, 38.87488, 'СНТ Виктория', 'ул. Озёрная 33', 'victoria_ozer_33', NULL, NULL, NULL, NULL, NULL, NULL),
(439, 45.09754, 38.95243, 'Краснодар', 'ул. 60-летия Победы 63', 'victory_60_63', NULL, NULL, NULL, NULL, NULL, NULL),
(440, 45.05450, 39.17373, 'ДНТ Гидростроитель', 'ул. Виноградная 576', 'vinogradnaya_576', NULL, NULL, NULL, NULL, NULL, NULL),
(441, 45.04878, 38.94246, 'Краснодар', 'ул. Михаила Власова 119', 'vlasova_119', NULL, NULL, NULL, NULL, NULL, NULL),
(442, 44.87243, 38.84009, 'хутор Водокачка', 'ул. Рязанская 4', 'vodokach_rezan', NULL, NULL, NULL, NULL, NULL, NULL),
(443, 45.62220, 38.93532, 'Тимашевск', 'ул. Вокзальная 34', 'vokzalnaya', NULL, NULL, NULL, NULL, NULL, NULL),
(444, 45.00141, 39.03213, 'Краснодар', 'ул. Воронежская 47 д', 'voronezhskaya_47', NULL, NULL, NULL, NULL, NULL, NULL),
(445, 44.63966, 39.16990, 'Горячий ключ', 'ул. Восточная 150', 'vostochnaya_150', NULL, NULL, NULL, NULL, NULL, NULL),
(446, 45.23902, 38.86981, 'хутор Осечки', '', 'x_osxechki', NULL, NULL, NULL, NULL, NULL, NULL),
(447, 44.85036, 38.29982, 'посёлок Яблоневый', 'пер. Яблоневый 5/2', 'yablonevy_52', NULL, NULL, NULL, NULL, NULL, NULL),
(448, 45.06484, 39.17665, 'ДНТ Знаменский', 'ул. Янтарная 7 ', 'yantarnaya_7', NULL, NULL, NULL, NULL, NULL, NULL),
(449, 44.78296, 39.88893, 'Белореченск', 'ул. Загородная 8', 'zagorodnaya_8', NULL, NULL, NULL, NULL, NULL, NULL),
(450, 45.30365, 39.16480, 'село Красносельское', 'ул. Замышевского 84 ', 'zamishevsk', NULL, NULL, NULL, NULL, NULL, NULL),
(451, 45.09317, 38.90561, 'Краснодар', 'ул. Западный Обход 39/2с2', 'zapadniobhod', NULL, NULL, NULL, NULL, NULL, NULL),
(452, 45.09351, 38.90259, 'Краснодар', 'ул.  Западный Обход, 39/2', 'zapadnyobhod_39', NULL, NULL, NULL, NULL, NULL, NULL),
(453, 45.08761, 38.90989, 'Краснодар', 'ул. Западный Обход 38/2', 'zapadobhod_38', NULL, NULL, NULL, NULL, NULL, NULL),
(454, 45.07254, 38.90505, 'Краснодар', 'ул. Заполяная 39', 'zapol_krd', NULL, NULL, NULL, NULL, NULL, NULL),
(455, 44.34205, 38.70664, 'Джубга', 'ул. Заречная 37', 'zarechnaya_37', NULL, NULL, NULL, NULL, NULL, NULL),
(456, 46.11318, 39.31159, 'станица Крыловская', 'ул. Заречная 60', 'zarechnaya_60', NULL, NULL, NULL, NULL, NULL, NULL),
(457, 45.06252, 39.13752, 'посёлок Знаменский', 'ул. Зимняя 12', 'zimnyay_12', NULL, NULL, NULL, NULL, NULL, NULL);

-- --------------------------------------------------------

--
-- Структура таблицы `migrations`
--

DROP TABLE IF EXISTS `migrations`;
CREATE TABLE IF NOT EXISTS `migrations` (
  `id` int(10) UNSIGNED NOT NULL AUTO_INCREMENT,
  `migration` varchar(191) COLLATE utf8mb4_unicode_ci NOT NULL,
  `batch` int(11) NOT NULL,
  PRIMARY KEY (`id`)
) ENGINE=MyISAM AUTO_INCREMENT=30 DEFAULT CHARSET=utf8mb4 COLLATE=utf8mb4_unicode_ci;

--
-- Дамп данных таблицы `migrations`
--

INSERT INTO `migrations` (`id`, `migration`, `batch`) VALUES
(1, '2014_10_12_000000_create_users_table', 1),
(2, '2014_10_12_100000_create_password_resets_table', 1),
(3, '2019_08_19_000000_create_failed_jobs_table', 1),
(4, '2019_12_14_000001_create_personal_access_tokens_table', 1),
(5, '2022_02_04_140655_create_jobs_table', 1),
(6, '2022_02_07_122938_create_maps_table', 1),
(7, '2022_02_07_131040_create_reviews_table', 1),
(8, '2022_02_09_075328_create_works_table', 1),
(9, '2022_02_09_080059_create_photos_table', 1),
(25, '2022_07_14_081122_create_square_objects_table', 2),
(24, '2022_07_14_081037_create_type_objects_table', 2),
(23, '2022_07_14_081006_create_building_objects_table', 2),
(21, '2022_07_14_080627_create_type_buildings_table', 2),
(22, '2022_07_14_080833_create_square_buildings_table', 2),
(26, '2022_07_14_115453_create_number_buildings_table', 2),
(27, '2022_07_14_120809_create_photo_odjects_table', 2),
(28, '2022_07_14_120809_create_photo_objects_table', 1),
(29, '2022_07_20_131147_create_questions_table', 3);

-- --------------------------------------------------------

--
-- Структура таблицы `number_buildings`
--

DROP TABLE IF EXISTS `number_buildings`;
CREATE TABLE IF NOT EXISTS `number_buildings` (
  `id` bigint(20) UNSIGNED NOT NULL AUTO_INCREMENT,
  `name` text COLLATE utf8mb4_unicode_ci NOT NULL,
  `created_at` timestamp NULL DEFAULT NULL,
  `updated_at` timestamp NULL DEFAULT NULL,
  PRIMARY KEY (`id`)
) ENGINE=InnoDB AUTO_INCREMENT=6 DEFAULT CHARSET=utf8mb4 COLLATE=utf8mb4_unicode_ci;

--
-- Дамп данных таблицы `number_buildings`
--

INSERT INTO `number_buildings` (`id`, `name`, `created_at`, `updated_at`) VALUES
(1, 'объект1', NULL, NULL),
(2, 'объект2', NULL, NULL),
(3, 'объект3', NULL, NULL),
(4, 'объект4', NULL, NULL),
(5, 'объект5', NULL, NULL);

-- --------------------------------------------------------

--
-- Структура таблицы `password_resets`
--

DROP TABLE IF EXISTS `password_resets`;
CREATE TABLE IF NOT EXISTS `password_resets` (
  `email` varchar(191) COLLATE utf8mb4_unicode_ci NOT NULL,
  `token` varchar(191) COLLATE utf8mb4_unicode_ci NOT NULL,
  `created_at` timestamp NULL DEFAULT NULL,
  KEY `password_resets_email_index` (`email`)
) ENGINE=InnoDB DEFAULT CHARSET=utf8mb4 COLLATE=utf8mb4_unicode_ci;

-- --------------------------------------------------------

--
-- Структура таблицы `personal_access_tokens`
--

DROP TABLE IF EXISTS `personal_access_tokens`;
CREATE TABLE IF NOT EXISTS `personal_access_tokens` (
  `id` bigint(20) UNSIGNED NOT NULL AUTO_INCREMENT,
  `tokenable_type` varchar(191) COLLATE utf8mb4_unicode_ci NOT NULL,
  `tokenable_id` bigint(20) UNSIGNED NOT NULL,
  `name` varchar(191) COLLATE utf8mb4_unicode_ci NOT NULL,
  `token` varchar(64) COLLATE utf8mb4_unicode_ci NOT NULL,
  `abilities` text COLLATE utf8mb4_unicode_ci,
  `last_used_at` timestamp NULL DEFAULT NULL,
  `created_at` timestamp NULL DEFAULT NULL,
  `updated_at` timestamp NULL DEFAULT NULL,
  PRIMARY KEY (`id`),
  UNIQUE KEY `personal_access_tokens_token_unique` (`token`),
  KEY `personal_access_tokens_tokenable_type_tokenable_id_index` (`tokenable_type`,`tokenable_id`)
) ENGINE=InnoDB DEFAULT CHARSET=utf8mb4 COLLATE=utf8mb4_unicode_ci;

-- --------------------------------------------------------

--
-- Структура таблицы `photos`
--

DROP TABLE IF EXISTS `photos`;
CREATE TABLE IF NOT EXISTS `photos` (
  `id` bigint(20) UNSIGNED NOT NULL AUTO_INCREMENT,
  `work_id` bigint(20) UNSIGNED NOT NULL,
  `src` text COLLATE utf8mb4_unicode_ci NOT NULL,
  `created_at` timestamp NULL DEFAULT NULL,
  `updated_at` timestamp NULL DEFAULT NULL,
  PRIMARY KEY (`id`),
  KEY `photos_work_id_foreign` (`work_id`)
) ENGINE=InnoDB AUTO_INCREMENT=11 DEFAULT CHARSET=utf8mb4 COLLATE=utf8mb4_unicode_ci;

--
-- Дамп данных таблицы `photos`
--

INSERT INTO `photos` (`id`, `work_id`, `src`, `created_at`, `updated_at`) VALUES
(1, 5, '1.1', '2022-02-22 12:13:02', NULL),
(2, 5, '1.2', '2022-02-22 12:13:02', NULL),
(3, 5, '1.3', '2022-02-22 12:13:02', NULL),
(4, 4, '2.1', '2022-02-22 12:13:02', NULL),
(5, 4, '2.2', '2022-02-22 12:13:02', NULL),
(6, 4, '2.3', '2022-02-22 12:13:02', NULL),
(7, 6, '3.1', '2022-02-22 12:13:02', NULL),
(8, 6, '3.2', '2022-02-22 12:13:02', NULL),
(9, 6, '3.3', '2022-02-22 12:13:02', NULL),
(10, 6, '3.4', '2022-02-22 12:13:02', NULL);

-- --------------------------------------------------------

--
-- Структура таблицы `photo_objects`
--

DROP TABLE IF EXISTS `photo_objects`;
CREATE TABLE IF NOT EXISTS `photo_objects` (
  `id` bigint(20) UNSIGNED NOT NULL AUTO_INCREMENT,
  `building_object_id` bigint(20) UNSIGNED NOT NULL,
  `type_building_id` bigint(20) UNSIGNED NOT NULL,
  `square_building_id` bigint(20) UNSIGNED NOT NULL,
  `number_building_id` bigint(20) UNSIGNED NOT NULL,
  `photo` text COLLATE utf8mb4_unicode_ci NOT NULL,
  `created_at` timestamp NULL DEFAULT NULL,
  `updated_at` timestamp NULL DEFAULT NULL,
  PRIMARY KEY (`id`),
  KEY `photo_odjects_building_object_id_foreign` (`building_object_id`),
  KEY `photo_odjects_type_building_id_foreign` (`type_building_id`),
  KEY `photo_odjects_square_building_id_foreign` (`square_building_id`),
  KEY `photo_odjects_number_building_id_foreign` (`number_building_id`)
) ENGINE=InnoDB AUTO_INCREMENT=321 DEFAULT CHARSET=utf8mb4 COLLATE=utf8mb4_unicode_ci;

--
-- Дамп данных таблицы `photo_objects`
--

INSERT INTO `photo_objects` (`id`, `building_object_id`, `type_building_id`, `square_building_id`, `number_building_id`, `photo`, `created_at`, `updated_at`) VALUES
(1, 1, 2, 1, 1, '1', NULL, NULL),
(2, 1, 2, 1, 1, '2', NULL, NULL),
(3, 1, 2, 1, 1, '3', NULL, NULL),
(4, 1, 2, 1, 1, '4', NULL, NULL),
(5, 1, 2, 1, 1, '5', NULL, NULL),
(6, 2, 2, 1, 2, '1', NULL, NULL),
(7, 2, 2, 1, 2, '2', NULL, NULL),
(8, 2, 2, 1, 2, '3', NULL, NULL),
(9, 2, 2, 1, 2, '4', NULL, NULL),
(10, 2, 2, 1, 2, '5', NULL, NULL),
(11, 2, 2, 1, 2, '6', NULL, NULL),
(12, 3, 2, 1, 3, '1', NULL, NULL),
(13, 3, 2, 1, 3, '2', NULL, NULL),
(14, 3, 2, 1, 3, '3', NULL, NULL),
(15, 3, 2, 1, 3, '4', NULL, NULL),
(16, 3, 2, 1, 3, '5', NULL, NULL),
(17, 4, 2, 1, 4, '1', NULL, NULL),
(18, 4, 2, 1, 4, '2', NULL, NULL),
(19, 4, 2, 1, 4, '3', NULL, NULL),
(20, 4, 2, 1, 4, '4', NULL, NULL),
(21, 4, 2, 1, 4, '5', NULL, NULL),
(22, 5, 2, 1, 5, '1', NULL, NULL),
(23, 5, 2, 1, 5, '2', NULL, NULL),
(24, 5, 2, 1, 5, '3', NULL, NULL),
(25, 5, 2, 1, 5, '4', NULL, NULL),
(26, 5, 2, 1, 5, '5', NULL, NULL),
(27, 5, 2, 1, 5, '6', NULL, NULL),
(28, 6, 2, 2, 1, '1', NULL, NULL),
(29, 6, 2, 2, 1, '2', NULL, NULL),
(30, 6, 2, 2, 1, '3', NULL, NULL),
(31, 6, 2, 2, 1, '4', NULL, NULL),
(32, 6, 2, 2, 1, '5', NULL, NULL),
(33, 6, 2, 2, 1, '6', NULL, NULL),
(34, 6, 2, 2, 1, '7', NULL, NULL),
(35, 6, 2, 2, 1, '8', NULL, NULL),
(36, 7, 2, 2, 2, '1', NULL, NULL),
(37, 7, 2, 2, 2, '2', NULL, NULL),
(38, 7, 2, 2, 2, '3', NULL, NULL),
(39, 7, 2, 2, 2, '4', NULL, NULL),
(40, 7, 2, 2, 2, '5', NULL, NULL),
(41, 7, 2, 2, 2, '6', NULL, NULL),
(42, 7, 2, 2, 2, '7', NULL, NULL),
(43, 7, 2, 2, 2, '8', NULL, NULL),
(44, 7, 2, 2, 2, '9', NULL, NULL),
(47, 8, 2, 2, 3, '1', NULL, NULL),
(48, 8, 2, 2, 3, '2', NULL, NULL),
(49, 8, 2, 2, 3, '3', NULL, NULL),
(50, 8, 2, 2, 3, '4', NULL, NULL),
(51, 8, 2, 2, 3, '5', NULL, NULL),
(52, 8, 2, 2, 3, '6', NULL, NULL),
(53, 8, 2, 2, 3, '7', NULL, NULL),
(54, 9, 2, 2, 4, '1', NULL, NULL),
(55, 9, 2, 2, 4, '2', NULL, NULL),
(56, 9, 2, 2, 4, '3', NULL, NULL),
(57, 9, 2, 2, 4, '4', NULL, NULL),
(58, 9, 2, 2, 4, '5', NULL, NULL),
(59, 9, 2, 2, 4, '6', NULL, NULL),
(60, 10, 2, 2, 5, '1', NULL, NULL),
(61, 10, 2, 2, 5, '2', NULL, NULL),
(62, 10, 2, 2, 5, '3', NULL, NULL),
(63, 10, 2, 2, 5, '4', NULL, NULL),
(64, 10, 2, 2, 5, '5', NULL, NULL),
(65, 10, 2, 2, 5, '6', NULL, NULL),
(66, 11, 2, 3, 1, '1', NULL, NULL),
(67, 11, 2, 3, 1, '2', NULL, NULL),
(68, 11, 2, 3, 1, '3', NULL, NULL),
(69, 11, 2, 3, 1, '4', NULL, NULL),
(70, 11, 2, 3, 1, '5', NULL, NULL),
(71, 11, 2, 3, 1, '6', NULL, NULL),
(72, 11, 2, 3, 1, '7', NULL, NULL),
(73, 12, 2, 3, 2, '1', NULL, NULL),
(74, 12, 2, 3, 2, '2', NULL, NULL),
(75, 12, 2, 3, 2, '3', NULL, NULL),
(76, 12, 2, 3, 2, '4', NULL, NULL),
(77, 12, 2, 3, 2, '5', NULL, NULL),
(78, 12, 2, 3, 2, '6', NULL, NULL),
(79, 12, 2, 3, 2, '7', NULL, NULL),
(80, 12, 2, 3, 2, '8', NULL, NULL),
(81, 13, 2, 3, 3, '1', NULL, NULL),
(82, 13, 2, 3, 3, '2', NULL, NULL),
(83, 13, 2, 3, 3, '3', NULL, NULL),
(84, 13, 2, 3, 3, '4', NULL, NULL),
(85, 13, 2, 3, 3, '5', NULL, NULL),
(86, 13, 2, 3, 3, '6', NULL, NULL),
(87, 13, 2, 3, 3, '7', NULL, NULL),
(88, 13, 2, 3, 3, '8', NULL, NULL),
(89, 13, 2, 3, 3, '9', NULL, NULL),
(90, 14, 2, 3, 4, '1', NULL, NULL),
(91, 14, 2, 3, 4, '2', NULL, NULL),
(92, 14, 2, 3, 4, '3', NULL, NULL),
(93, 14, 2, 3, 4, '4', NULL, NULL),
(94, 14, 2, 3, 4, '5', NULL, NULL),
(95, 14, 2, 3, 4, '6', NULL, NULL),
(96, 14, 2, 3, 4, '7', NULL, NULL),
(97, 14, 2, 3, 4, '8', NULL, NULL),
(98, 14, 2, 3, 4, '9', NULL, NULL),
(100, 15, 2, 3, 5, '1', NULL, NULL),
(101, 15, 2, 3, 5, '2', NULL, NULL),
(102, 15, 2, 3, 5, '3', NULL, NULL),
(103, 15, 2, 3, 5, '4', NULL, NULL),
(104, 15, 2, 3, 5, '5', NULL, NULL),
(105, 15, 2, 3, 5, '6', NULL, NULL),
(106, 15, 2, 3, 5, '7', NULL, NULL),
(107, 16, 2, 4, 1, '1', NULL, NULL),
(108, 16, 2, 4, 1, '2', NULL, NULL),
(109, 16, 2, 4, 1, '3', NULL, NULL),
(110, 16, 2, 4, 1, '4', NULL, NULL),
(111, 16, 2, 4, 1, '5', NULL, NULL),
(112, 16, 2, 4, 1, '6', NULL, NULL),
(113, 16, 2, 4, 1, '7', NULL, NULL),
(114, 16, 2, 4, 1, '8', NULL, NULL),
(115, 16, 2, 4, 1, '9', NULL, NULL),
(117, 17, 2, 4, 2, '1', NULL, NULL),
(118, 17, 2, 4, 2, '2', NULL, NULL),
(119, 17, 2, 4, 2, '3', NULL, NULL),
(120, 17, 2, 4, 2, '4', NULL, NULL),
(121, 17, 2, 4, 2, '5', NULL, NULL),
(122, 17, 2, 4, 2, '6', NULL, NULL),
(123, 17, 2, 4, 2, '7', NULL, NULL),
(124, 17, 2, 4, 2, '8', NULL, NULL),
(125, 17, 2, 4, 2, '9', NULL, NULL),
(131, 18, 2, 4, 3, '1', NULL, NULL),
(132, 18, 2, 4, 3, '2', NULL, NULL),
(133, 18, 2, 4, 3, '3', NULL, NULL),
(134, 18, 2, 4, 3, '4', NULL, NULL),
(135, 18, 2, 4, 3, '5', NULL, NULL),
(136, 18, 2, 4, 3, '6', NULL, NULL),
(137, 18, 2, 4, 3, '7', NULL, NULL),
(138, 18, 2, 4, 3, '8', NULL, NULL),
(139, 18, 2, 4, 3, '9', NULL, NULL),
(145, 19, 2, 4, 4, '1', NULL, NULL),
(146, 19, 2, 4, 4, '2', NULL, NULL),
(147, 19, 2, 4, 4, '3', NULL, NULL),
(148, 19, 2, 4, 4, '4', NULL, NULL),
(149, 19, 2, 4, 4, '5', NULL, NULL),
(150, 19, 2, 4, 4, '6', NULL, NULL),
(151, 19, 2, 4, 4, '7', NULL, NULL),
(152, 20, 2, 4, 5, '1', NULL, NULL),
(153, 20, 2, 4, 5, '2', NULL, NULL),
(154, 20, 2, 4, 5, '3', NULL, NULL),
(155, 20, 2, 4, 5, '4', NULL, NULL),
(156, 20, 2, 4, 5, '5', NULL, NULL),
(157, 20, 2, 4, 5, '6', NULL, NULL),
(158, 20, 2, 4, 5, '7', NULL, NULL),
(159, 21, 2, 5, 1, '1', NULL, NULL),
(160, 21, 2, 5, 1, '2', NULL, NULL),
(161, 21, 2, 5, 1, '3', NULL, NULL),
(162, 21, 2, 5, 1, '4', NULL, NULL),
(163, 21, 2, 5, 1, '5', NULL, NULL),
(164, 21, 2, 5, 1, '6', NULL, NULL),
(165, 22, 2, 5, 2, '1', NULL, NULL),
(166, 22, 2, 5, 2, '2', NULL, NULL),
(167, 22, 2, 5, 2, '3', NULL, NULL),
(168, 22, 2, 5, 2, '4', NULL, NULL),
(169, 22, 2, 5, 2, '5', NULL, NULL),
(170, 22, 2, 5, 2, '6', NULL, NULL),
(171, 22, 2, 5, 2, '7', NULL, NULL),
(172, 22, 2, 5, 2, '8', NULL, NULL),
(173, 23, 2, 5, 3, '1', NULL, NULL),
(174, 23, 2, 5, 3, '2', NULL, NULL),
(175, 23, 2, 5, 3, '3', NULL, NULL),
(176, 23, 2, 5, 3, '4', NULL, NULL),
(177, 23, 2, 5, 3, '5', NULL, NULL),
(178, 23, 2, 5, 3, '6', NULL, NULL),
(179, 24, 2, 5, 4, '1', NULL, NULL),
(180, 24, 2, 5, 4, '2', NULL, NULL),
(181, 24, 2, 5, 4, '3', NULL, NULL),
(182, 24, 2, 5, 4, '4', NULL, NULL),
(183, 24, 2, 5, 4, '5', NULL, NULL),
(184, 24, 2, 5, 4, '6', NULL, NULL),
(185, 25, 2, 5, 5, '1', NULL, NULL),
(186, 25, 2, 5, 5, '2', NULL, NULL),
(187, 25, 2, 5, 5, '3', NULL, NULL),
(188, 25, 2, 5, 5, '4', NULL, NULL),
(189, 25, 2, 5, 5, '5', NULL, NULL),
(190, 25, 2, 5, 5, '6', NULL, NULL),
(191, 26, 1, 1, 1, '1', NULL, NULL),
(192, 26, 1, 1, 1, '2', NULL, NULL),
(193, 26, 1, 1, 1, '3', NULL, NULL),
(194, 26, 1, 1, 1, '4', NULL, NULL),
(195, 26, 1, 1, 1, '5', NULL, NULL),
(196, 27, 1, 1, 2, '1', NULL, NULL),
(197, 27, 1, 1, 2, '2', NULL, NULL),
(198, 27, 1, 1, 2, '3', NULL, NULL),
(199, 27, 1, 1, 2, '4', NULL, NULL),
(200, 27, 1, 1, 2, '5', NULL, NULL),
(201, 28, 1, 1, 3, '1', NULL, NULL),
(202, 28, 1, 1, 3, '2', NULL, NULL),
(203, 28, 1, 1, 3, '3', NULL, NULL),
(204, 28, 1, 1, 3, '4', NULL, NULL),
(205, 28, 1, 1, 3, '5', NULL, NULL),
(206, 29, 1, 1, 4, '1', NULL, NULL),
(207, 29, 1, 1, 4, '2', NULL, NULL),
(208, 29, 1, 1, 4, '3', NULL, NULL),
(209, 29, 1, 1, 4, '4', NULL, NULL),
(210, 29, 1, 1, 4, '5', NULL, NULL),
(211, 30, 1, 1, 5, '1', NULL, NULL),
(212, 30, 1, 1, 5, '2', NULL, NULL),
(213, 30, 1, 1, 5, '3', NULL, NULL),
(214, 30, 1, 1, 5, '4', NULL, NULL),
(215, 31, 1, 2, 1, '1', NULL, NULL),
(216, 31, 1, 2, 1, '2', NULL, NULL),
(217, 31, 1, 2, 1, '3', NULL, NULL),
(218, 31, 1, 2, 1, '4', NULL, NULL),
(219, 32, 1, 2, 2, '1', NULL, NULL),
(220, 32, 1, 2, 2, '2', NULL, NULL),
(221, 32, 1, 2, 2, '3', NULL, NULL),
(222, 32, 1, 2, 2, '4', NULL, NULL),
(223, 32, 1, 2, 2, '5', NULL, NULL),
(224, 32, 1, 2, 2, '6', NULL, NULL),
(225, 33, 1, 2, 3, '1', NULL, NULL),
(226, 33, 1, 2, 3, '2', NULL, NULL),
(227, 33, 1, 2, 3, '3', NULL, NULL),
(228, 33, 1, 2, 3, '4', NULL, NULL),
(229, 33, 1, 2, 3, '5', NULL, NULL),
(230, 33, 1, 2, 3, '6', NULL, NULL),
(231, 33, 1, 2, 3, '7', NULL, NULL),
(232, 34, 1, 2, 4, '1', NULL, NULL),
(233, 34, 1, 2, 4, '2', NULL, NULL),
(234, 34, 1, 2, 4, '3', NULL, NULL),
(235, 34, 1, 2, 4, '4', NULL, NULL),
(236, 34, 1, 2, 4, '5', NULL, NULL),
(237, 35, 1, 2, 5, '1', NULL, NULL),
(238, 35, 1, 2, 5, '2', NULL, NULL),
(239, 35, 1, 2, 5, '3', NULL, NULL),
(240, 35, 1, 2, 5, '4', NULL, NULL),
(241, 36, 1, 3, 1, '1', NULL, NULL),
(242, 36, 1, 3, 1, '2', NULL, NULL),
(243, 36, 1, 3, 1, '3', NULL, NULL),
(244, 36, 1, 3, 1, '4', NULL, NULL),
(245, 36, 1, 3, 1, '5', NULL, NULL),
(246, 37, 1, 3, 2, '1', NULL, NULL),
(247, 37, 1, 3, 2, '2', NULL, NULL),
(248, 37, 1, 3, 2, '3', NULL, NULL),
(249, 37, 1, 3, 2, '4', NULL, NULL),
(250, 37, 1, 3, 2, '5', NULL, NULL),
(251, 37, 1, 3, 2, '6', NULL, NULL),
(252, 38, 1, 3, 3, '1', NULL, NULL),
(253, 38, 1, 3, 3, '2', NULL, NULL),
(254, 38, 1, 3, 3, '3', NULL, NULL),
(255, 38, 1, 3, 3, '4', NULL, NULL),
(256, 38, 1, 3, 3, '5', NULL, NULL),
(257, 39, 1, 3, 4, '1', NULL, NULL),
(258, 39, 1, 3, 4, '2', NULL, NULL),
(259, 39, 1, 3, 4, '3', NULL, NULL),
(260, 39, 1, 3, 4, '4', NULL, NULL),
(261, 39, 1, 3, 4, '5', NULL, NULL),
(262, 39, 1, 3, 4, '6', NULL, NULL),
(263, 40, 1, 3, 5, '1', NULL, NULL),
(264, 40, 1, 3, 5, '2', NULL, NULL),
(265, 40, 1, 3, 5, '3', NULL, NULL),
(266, 40, 1, 3, 5, '4', NULL, NULL),
(267, 40, 1, 3, 5, '5', NULL, NULL),
(268, 40, 1, 3, 5, '6', NULL, NULL),
(269, 40, 1, 3, 5, '7', NULL, NULL),
(270, 41, 1, 4, 1, '1', NULL, NULL),
(271, 41, 1, 4, 1, '2', NULL, NULL),
(272, 41, 1, 4, 1, '3', NULL, NULL),
(273, 41, 1, 4, 1, '4', NULL, NULL),
(274, 42, 1, 4, 2, '1', NULL, NULL),
(275, 42, 1, 4, 2, '2', NULL, NULL),
(276, 42, 1, 4, 2, '3', NULL, NULL),
(277, 42, 1, 4, 2, '4', NULL, NULL),
(278, 42, 1, 4, 2, '5', NULL, NULL),
(279, 43, 1, 4, 3, '1', NULL, NULL),
(280, 43, 1, 4, 3, '2', NULL, NULL),
(281, 43, 1, 4, 3, '3', NULL, NULL),
(282, 43, 1, 4, 3, '4', NULL, NULL),
(283, 43, 1, 4, 3, '5', NULL, NULL),
(284, 43, 1, 4, 3, '6', NULL, NULL),
(285, 44, 1, 4, 4, '1', NULL, NULL),
(286, 44, 1, 4, 4, '2', NULL, NULL),
(287, 44, 1, 4, 4, '3', NULL, NULL),
(288, 44, 1, 4, 4, '4', NULL, NULL),
(289, 44, 1, 4, 4, '5', NULL, NULL),
(290, 45, 1, 4, 5, '1', NULL, NULL),
(291, 45, 1, 4, 5, '2', NULL, NULL),
(292, 45, 1, 4, 5, '3', NULL, NULL),
(293, 45, 1, 4, 5, '4', NULL, NULL),
(294, 46, 1, 5, 1, '1', NULL, NULL),
(295, 46, 1, 5, 1, '2', NULL, NULL),
(296, 46, 1, 5, 1, '3', NULL, NULL),
(297, 46, 1, 5, 1, '4', NULL, NULL),
(298, 46, 1, 5, 1, '5', NULL, NULL),
(299, 47, 1, 5, 2, '1', NULL, NULL),
(300, 47, 1, 5, 2, '2', NULL, NULL),
(301, 47, 1, 5, 2, '3', NULL, NULL),
(302, 47, 1, 5, 2, '4', NULL, NULL),
(303, 47, 1, 5, 2, '5', NULL, NULL),
(304, 47, 1, 5, 2, '6', NULL, NULL),
(305, 48, 1, 5, 3, '1', NULL, NULL),
(306, 48, 1, 5, 3, '2', NULL, NULL),
(307, 48, 1, 5, 3, '3', NULL, NULL),
(308, 48, 1, 5, 3, '4', NULL, NULL),
(309, 48, 1, 5, 3, '5', NULL, NULL),
(310, 49, 1, 5, 4, '1', NULL, NULL),
(311, 49, 1, 5, 4, '2', NULL, NULL),
(312, 49, 1, 5, 4, '3', NULL, NULL),
(313, 49, 1, 5, 4, '4', NULL, NULL),
(314, 49, 1, 5, 4, '5', NULL, NULL),
(315, 50, 1, 5, 5, '1', NULL, NULL),
(316, 50, 1, 5, 5, '2', NULL, NULL),
(317, 50, 1, 5, 5, '3', NULL, NULL),
(318, 50, 1, 5, 5, '4', NULL, NULL),
(319, 50, 1, 5, 5, '5', NULL, NULL),
(320, 50, 1, 5, 5, '6', NULL, NULL);

-- --------------------------------------------------------

--
-- Структура таблицы `questions`
--

DROP TABLE IF EXISTS `questions`;
CREATE TABLE IF NOT EXISTS `questions` (
  `id` bigint(20) UNSIGNED NOT NULL AUTO_INCREMENT,
  `question` text COLLATE utf8mb4_unicode_ci NOT NULL,
  `answer` text COLLATE utf8mb4_unicode_ci NOT NULL,
  `created_at` timestamp NULL DEFAULT NULL,
  `updated_at` timestamp NULL DEFAULT NULL,
  PRIMARY KEY (`id`)
) ENGINE=MyISAM AUTO_INCREMENT=9 DEFAULT CHARSET=utf8mb4 COLLATE=utf8mb4_unicode_ci;

--
-- Дамп данных таблицы `questions`
--

INSERT INTO `questions` (`id`, `question`, `answer`, `created_at`, `updated_at`) VALUES
(1, 'Вы заключаете договор?', 'Да, мы обязательно заключаем договор перед началом работ. После окончания работ у заказчика на руках остается договор, смета и акт приемки выполненных работ.', NULL, NULL),
(2, 'Какую гарантию и на что вы даете?', 'Гарантия по договору подразумевают устранение и исправление дефектов в случае их возникновение в течении 3 лет.', NULL, NULL),
(3, 'Рассрочка на штукатурные работы?', 'У нас вы можете оформить рассрочку на пол года без процентов как на полную стоимость, так и на часть стоимости штукатурных работ в размере от 3 000 до 500 000 рублей.\n', NULL, NULL),
(4, 'Что мне нужно подготовить для работы?', 'На объекте должны быть завершены все работы по кладке/демонтажу стен , так как при замере мы должны знать конкретные площади стен и материалы , из которых совершена кладка , для расчета материалов.\r\nКрыша и окна/двери должны быть установлены либо плотно запечатаны , так как стены должны быть защищены от влаги , сквозняка и открытого солнечного света. сквозняк и солнечный свет (особенно летом) , приведет к зональному высыханию и растрескиванию штукатурной смеси , а влага , в случае дождя , размоет поверхность и помешает высыханию стены.\r\nПомещения должны быть освобождены от строительного материала , мусора , мебели, ко всем стенам должен быть осуществлен свободный доступ.\r\nНа объекте должен быть доступ к электричеству 220/380v через автоматический выключатель 25А и доступ к воде с хорошим , стабильным напором, и возможностью подключения с наружной резьбой 1/2 дюйма.\r\nОбъект должен иметь возможность закрываться для входа посторонних в нерабочее время , а мастера иметь доступ к нему.\r\n', NULL, NULL),
(5, 'Что входит в стоимость работ?', 'В стоимость работ входит:\r\nОклейка пленкой окон, дверей, электрощита и прочих объектов.\r\nГрунтовка поверхностей и обработка бетоноконтактом\r\nМонтаж стеклотканевой сетки на стыках разнородных материалов\r\nУстановка маяков по лазерному уровню. Удаление маяков\r\nУглы 90 градусов под кухонный гарнитур и в сан. узлах.\r\nМонтаж уголков на внешних углах и откосах\r\nГлянцевание под плотные обои\r\nНаведение порядка\r\n', NULL, NULL),
(6, 'Может ли измениться стоимость работ в ходе их выполнения?', 'Стоимость работ может измениться только в случае изменений условий договора. Цена за квадратный и погонный метр указанная в смете неизменна, в процессе работ могут меняться объемы, связанные с изменениями со стороны заказчика, квадратура всегда пересчитывается по окончанию работ и оплата производиться за объем по факту выполнения.', NULL, NULL),
(7, 'Как мы работаем?', 'Вы оставляете заявку на сайте или по телефону. Уточняем все подробности\r\nПроизводим расчет объема работ на вашем объекте во время замера или удаленно по проекту.\r\nСоставляем смету, включающую в себя стоимость работ, необходимое количество материалов.\r\nЗаключаем договор\r\nЗавозим материал. Также вы можете приобрести материал самостоятельно по списку из предоставленной сметы\r\nНаши мастера выполняют работы\r\nВы принимаете работу и вносите оплату\r\n', NULL, NULL),
(8, 'Какой минимальный объём работ?', 'Мы работаем от 100 квадратным метров (стен) по Краснодару, и от 200 квадратных метров (стен) по всему Краснодарскому краю.', NULL, NULL);

-- --------------------------------------------------------

--
-- Структура таблицы `reviews`
--

DROP TABLE IF EXISTS `reviews`;
CREATE TABLE IF NOT EXISTS `reviews` (
  `id` bigint(20) UNSIGNED NOT NULL AUTO_INCREMENT,
  `type` text COLLATE utf8mb4_unicode_ci NOT NULL,
  `src` text COLLATE utf8mb4_unicode_ci NOT NULL,
  `title_when` text COLLATE utf8mb4_unicode_ci,
  `title_company` text COLLATE utf8mb4_unicode_ci,
  `rating` int(11) DEFAULT NULL,
  `h3` text COLLATE utf8mb4_unicode_ci NOT NULL,
  `p` text COLLATE utf8mb4_unicode_ci NOT NULL,
  `created_at` timestamp NULL DEFAULT NULL,
  `updated_at` timestamp NULL DEFAULT NULL,
  PRIMARY KEY (`id`)
) ENGINE=InnoDB AUTO_INCREMENT=12 DEFAULT CHARSET=utf8mb4 COLLATE=utf8mb4_unicode_ci;

--
-- Дамп данных таблицы `reviews`
--

INSERT INTO `reviews` (`id`, `type`, `src`, `title_when`, `title_company`, `rating`, `h3`, `p`, `created_at`, `updated_at`) VALUES
(1, 'video', 'https://www.youtube.com/embed/zs-entpfCM4', NULL, NULL, NULL, '', '', NULL, NULL),
(2, 'video', 'https://www.youtube.com/embed/K6O3fHTZj4Q', NULL, NULL, NULL, '', '', NULL, NULL),
(3, 'text', '<svg width=\"50\" version=\"1.1\" id=\"Слой_1\" xmlns=\"http://www.w3.org/2000/svg\" xmlns:xlink=\"http://www.w3.org/1999/xlink\" x=\"0px\" y=\"0px\"\n	 viewBox=\"0 0 229.6 224.4\" style=\"enable-background:new 0 0 229.6 224.4;\" xml:space=\"preserve\">\n	<style type=\"text/css\">\n		.st0{fill:#242729;}\n		.st1{fill:#FE6A35;}\n		.st2{fill:#FFE46B;}\n	</style>\n<g>\n	<circle class=\"st0\" cx=\"112.6\" cy=\"113.5\" r=\"71.7\"/>\n	<path class=\"st1\" d=\"M181.2,92.6c-7.9-26.1-30.3-45.8-57.7-50L88,66.9c-15.8,10.9-19.9,32.5-9,48.4l2.4,3.6\n		c10.9,15.8,32.5,19.9,48.4,9L181.2,92.6z\"/>\n	<path class=\"st2\" d=\"M140.6,106.3c-10.9-15.8-32.5-19.9-48.4-9L43,131c6.6,26.2,27.6,46.7,54.1,52.5l36.9-25.3\n		c15.8-10.9,19.9-32.5,9-48.4L140.6,106.3z\"/>\n</g>\n</svg>', '1 месяца назад', '', 5, 'Людмила Р.', 'Хочется выразить благодарность этим ребятам. Нашли в интаграмме и почти сразу же муж позвонил. Приехал мастер, сделал замер, причём не взяв с нас денег. Через несколько дней приехали рабочие и начали штукатурить с помощью специального аппарата. Всё сделали идеально, претензий никаких. Очень рады что не ошиблись с выбором. Вы молодцы!\n', NULL, NULL),
(4, 'text', '<svg width=\"50\" version=\"1.1\" id=\"Слой_1\" xmlns=\"http://www.w3.org/2000/svg\" xmlns:xlink=\"http://www.w3.org/1999/xlink\" x=\"0px\" y=\"0px\"\n	 viewBox=\"0 0 229.6 224.4\" style=\"enable-background:new 0 0 229.6 224.4;\" xml:space=\"preserve\">\n	<style type=\"text/css\">\n		.st0{fill:#242729;}\n		.st1{fill:#FE6A35;}\n		.st2{fill:#FFE46B;}\n	</style>\n<g>\n	<circle class=\"st0\" cx=\"112.6\" cy=\"113.5\" r=\"71.7\"/>\n	<path class=\"st1\" d=\"M181.2,92.6c-7.9-26.1-30.3-45.8-57.7-50L88,66.9c-15.8,10.9-19.9,32.5-9,48.4l2.4,3.6\n		c10.9,15.8,32.5,19.9,48.4,9L181.2,92.6z\"/>\n	<path class=\"st2\" d=\"M140.6,106.3c-10.9-15.8-32.5-19.9-48.4-9L43,131c6.6,26.2,27.6,46.7,54.1,52.5l36.9-25.3\n		c15.8-10.9,19.9-32.5,9-48.4L140.6,106.3z\"/>\n</g>\n</svg>', '2 месяца назад', '', 5, 'Михаил Д.', 'Сделал заказ на штукатурку стен в своем  доме общей площадью 270 кв.м. Что могу сказать, стены получились ровные, без вмятин, ямок и сколов. Сделали в срок и за достойную цену. Ручная штукатурка обошлась бы дороже. Приехали двое ребят, поставили оборудование и уже через 5 дней сдали объект. Спасибо компании \"KRAFT HOUSE\" за качество.', NULL, NULL),
(5, 'text', '<svg width=\"50\" version=\"1.1\" id=\"Слой_1\" xmlns=\"http://www.w3.org/2000/svg\" xmlns:xlink=\"http://www.w3.org/1999/xlink\" x=\"0px\" y=\"0px\" 	 viewBox=\"0 0 229.6 224.4\" style=\"enable-background:new 0 0 229.6 224.4;\" xml:space=\"preserve\"> 	<style type=\"text/css\"> 		.st0{fill:#242729;} 		.st1{fill:#FE6A35;} 		.st2{fill:#FFE46B;} 	</style> <g> 	<circle class=\"st0\" cx=\"112.6\" cy=\"113.5\" r=\"71.7\"/> 	<path class=\"st1\" d=\"M181.2,92.6c-7.9-26.1-30.3-45.8-57.7-50L88,66.9c-15.8,10.9-19.9,32.5-9,48.4l2.4,3.6 		c10.9,15.8,32.5,19.9,48.4,9L181.2,92.6z\"/> 	<path class=\"st2\" d=\"M140.6,106.3c-10.9-15.8-32.5-19.9-48.4-9L43,131c6.6,26.2,27.6,46.7,54.1,52.5l36.9-25.3 		c15.8-10.9,19.9-32.5,9-48.4L140.6,106.3z\"/> </g> </svg>', '3 месяца назад', NULL, 5, 'Максим Б.', 'Ребята делали мне машинную штукатурку. Очень доволен – стены получились идеально ровные, то, что надо. 350 квадратов стен, плюс  откосы – на все ушло меньше одной недели. Кстати, я просил сделать прямые углы (там, где планирую встроить мебель), сделали все без вопросов.', NULL, NULL),
(6, 'text', '<svg width=\"50\" version=\"1.1\" id=\"Слой_1\" xmlns=\"http://www.w3.org/2000/svg\" xmlns:xlink=\"http://www.w3.org/1999/xlink\" x=\"0px\" y=\"0px\" 	 viewBox=\"0 0 229.6 224.4\" style=\"enable-background:new 0 0 229.6 224.4;\" xml:space=\"preserve\"> 	<style type=\"text/css\"> 		.st0{fill:#242729;} 		.st1{fill:#FE6A35;} 		.st2{fill:#FFE46B;} 	</style> <g> 	<circle class=\"st0\" cx=\"112.6\" cy=\"113.5\" r=\"71.7\"/> 	<path class=\"st1\" d=\"M181.2,92.6c-7.9-26.1-30.3-45.8-57.7-50L88,66.9c-15.8,10.9-19.9,32.5-9,48.4l2.4,3.6 		c10.9,15.8,32.5,19.9,48.4,9L181.2,92.6z\"/> 	<path class=\"st2\" d=\"M140.6,106.3c-10.9-15.8-32.5-19.9-48.4-9L43,131c6.6,26.2,27.6,46.7,54.1,52.5l36.9-25.3 		c15.8-10.9,19.9-32.5,9-48.4L140.6,106.3z\"/> </g> </svg>', '3 месяца назад', NULL, 5, 'ЕВГЕНИЙ П.', 'Спасибо ребятам за проделанную работу! Все сроки, стоимость и объем материалов полностью соответствовали озвученному на замере, вечером этого же  дня прислали смету. Работу сделали  действительно быстро, аккуратно, после завершения работ навели порядок. Меня как заказчика полностью устроили сроки, стоимость, качество', NULL, NULL),
(7, 'text', '<svg width=\"50\" version=\"1.1\" id=\"Слой_1\" xmlns=\"http://www.w3.org/2000/svg\" xmlns:xlink=\"http://www.w3.org/1999/xlink\" x=\"0px\" y=\"0px\" 	 viewBox=\"0 0 229.6 224.4\" style=\"enable-background:new 0 0 229.6 224.4;\" xml:space=\"preserve\"> 	<style type=\"text/css\"> 		.st0{fill:#242729;} 		.st1{fill:#FE6A35;} 		.st2{fill:#FFE46B;} 	</style> <g> 	<circle class=\"st0\" cx=\"112.6\" cy=\"113.5\" r=\"71.7\"/> 	<path class=\"st1\" d=\"M181.2,92.6c-7.9-26.1-30.3-45.8-57.7-50L88,66.9c-15.8,10.9-19.9,32.5-9,48.4l2.4,3.6 		c10.9,15.8,32.5,19.9,48.4,9L181.2,92.6z\"/> 	<path class=\"st2\" d=\"M140.6,106.3c-10.9-15.8-32.5-19.9-48.4-9L43,131c6.6,26.2,27.6,46.7,54.1,52.5l36.9-25.3 		c15.8-10.9,19.9-32.5,9-48.4L140.6,106.3z\"/> </g> </svg>', '4 месяца назад', NULL, 5, 'Сергей К.', ' Всем привет, обратился в  компанию KRAFT House по рекомендации знакомых, нужно было быстро оштукатурить дом. Приехали парни с серьёзным оборудование все без лишних слов организовали ,помогли с выбором и доставкой материала ,качество работы-шикарное!!! Всем кому предстоит штукатурка, рекомендую эту фирму ,сочетании цены и качества на пять звёзд', NULL, NULL),
(8, 'text', '<svg width=\"50\" version=\"1.1\" id=\"Слой_1\" xmlns=\"http://www.w3.org/2000/svg\" xmlns:xlink=\"http://www.w3.org/1999/xlink\" x=\"0px\" y=\"0px\" 	 viewBox=\"0 0 229.6 224.4\" style=\"enable-background:new 0 0 229.6 224.4;\" xml:space=\"preserve\"> 	<style type=\"text/css\"> 		.st0{fill:#242729;} 		.st1{fill:#FE6A35;} 		.st2{fill:#FFE46B;} 	</style> <g> 	<circle class=\"st0\" cx=\"112.6\" cy=\"113.5\" r=\"71.7\"/> 	<path class=\"st1\" d=\"M181.2,92.6c-7.9-26.1-30.3-45.8-57.7-50L88,66.9c-15.8,10.9-19.9,32.5-9,48.4l2.4,3.6 		c10.9,15.8,32.5,19.9,48.4,9L181.2,92.6z\"/> 	<path class=\"st2\" d=\"M140.6,106.3c-10.9-15.8-32.5-19.9-48.4-9L43,131c6.6,26.2,27.6,46.7,54.1,52.5l36.9-25.3 		c15.8-10.9,19.9-32.5,9-48.4L140.6,106.3z\"/> </g> </svg>', '5 месяца назад', NULL, 5, 'Светлана М.', 'Спасибо ребятам за четко сделанную работу. Оперативно выехали на замеры,к вечеру того же дня у меня уже была прозрачная смета по выполнению работ. Ребята справились в указанные сроки.К работе претензий нет. Спасибо, буду рекомендовать их знакомым.', NULL, NULL),
(9, 'text', '<svg width=\"50\" version=\"1.1\" id=\"Слой_1\" xmlns=\"http://www.w3.org/2000/svg\" xmlns:xlink=\"http://www.w3.org/1999/xlink\" x=\"0px\" y=\"0px\" 	 viewBox=\"0 0 229.6 224.4\" style=\"enable-background:new 0 0 229.6 224.4;\" xml:space=\"preserve\"> 	<style type=\"text/css\"> 		.st0{fill:#242729;} 		.st1{fill:#FE6A35;} 		.st2{fill:#FFE46B;} 	</style> <g> 	<circle class=\"st0\" cx=\"112.6\" cy=\"113.5\" r=\"71.7\"/> 	<path class=\"st1\" d=\"M181.2,92.6c-7.9-26.1-30.3-45.8-57.7-50L88,66.9c-15.8,10.9-19.9,32.5-9,48.4l2.4,3.6 		c10.9,15.8,32.5,19.9,48.4,9L181.2,92.6z\"/> 	<path class=\"st2\" d=\"M140.6,106.3c-10.9-15.8-32.5-19.9-48.4-9L43,131c6.6,26.2,27.6,46.7,54.1,52.5l36.9-25.3 		c15.8-10.9,19.9-32.5,9-48.4L140.6,106.3z\"/> </g> </svg> ', '7 месяца назад', NULL, 5, 'Андрей В.', 'Хотим выразить благодарность и сказать спасибо за профессионализм и ответственный подход к своему делу. Остались довольны сотрудничеством и качеством работы', NULL, NULL),
(10, 'video', 'https://www.youtube.com/embed/ZeH6xqfkKws', NULL, NULL, NULL, '', '', NULL, NULL),
(11, 'video', 'https://www.youtube.com/embed/dSeMey7RLXE', NULL, NULL, NULL, '', '', NULL, NULL);

-- --------------------------------------------------------

--
-- Структура таблицы `square_buildings`
--

DROP TABLE IF EXISTS `square_buildings`;
CREATE TABLE IF NOT EXISTS `square_buildings` (
  `id` bigint(20) UNSIGNED NOT NULL AUTO_INCREMENT,
  `square` text COLLATE utf8mb4_unicode_ci NOT NULL,
  `square_flat` text CHARACTER SET utf8mb4 NOT NULL,
  `created_at` timestamp NULL DEFAULT NULL,
  `updated_at` timestamp NULL DEFAULT NULL,
  PRIMARY KEY (`id`)
) ENGINE=InnoDB AUTO_INCREMENT=6 DEFAULT CHARSET=utf8mb4 COLLATE=utf8mb4_unicode_ci;

--
-- Дамп данных таблицы `square_buildings`
--

INSERT INTO `square_buildings` (`id`, `square`, `square_flat`, `created_at`, `updated_at`) VALUES
(1, '100 кв', '30 кв', NULL, NULL),
(2, '150 кв', '50 кв', NULL, NULL),
(3, '200 кв', '70 кв', NULL, NULL),
(4, '250 кв', '100 кв', NULL, NULL),
(5, 'до 100 кв', '150 кв', NULL, NULL);

-- --------------------------------------------------------

--
-- Структура таблицы `square_objects`
--

DROP TABLE IF EXISTS `square_objects`;
CREATE TABLE IF NOT EXISTS `square_objects` (
  `id` bigint(20) UNSIGNED NOT NULL AUTO_INCREMENT,
  `building_object_id` bigint(20) UNSIGNED NOT NULL,
  `square_building_id` bigint(20) UNSIGNED NOT NULL,
  `created_at` timestamp NULL DEFAULT NULL,
  `updated_at` timestamp NULL DEFAULT NULL,
  PRIMARY KEY (`id`),
  KEY `square_objects_building_object_id_foreign` (`building_object_id`),
  KEY `square_objects_square_building_id_foreign` (`square_building_id`)
) ENGINE=InnoDB AUTO_INCREMENT=321 DEFAULT CHARSET=utf8mb4 COLLATE=utf8mb4_unicode_ci;

--
-- Дамп данных таблицы `square_objects`
--

INSERT INTO `square_objects` (`id`, `building_object_id`, `square_building_id`, `created_at`, `updated_at`) VALUES
(1, 1, 1, NULL, NULL),
(2, 1, 1, NULL, NULL),
(3, 1, 1, NULL, NULL),
(4, 1, 1, NULL, NULL),
(5, 1, 1, NULL, NULL),
(6, 2, 1, NULL, NULL),
(7, 2, 1, NULL, NULL),
(8, 2, 1, NULL, NULL),
(9, 2, 1, NULL, NULL),
(10, 2, 1, NULL, NULL),
(11, 2, 1, NULL, NULL),
(12, 3, 1, NULL, NULL),
(13, 3, 1, NULL, NULL),
(14, 3, 1, NULL, NULL),
(15, 3, 1, NULL, NULL),
(16, 3, 1, NULL, NULL),
(17, 4, 1, NULL, NULL),
(18, 4, 1, NULL, NULL),
(19, 4, 1, NULL, NULL),
(20, 4, 1, NULL, NULL),
(21, 4, 1, NULL, NULL),
(22, 5, 1, NULL, NULL),
(23, 5, 1, NULL, NULL),
(24, 5, 1, NULL, NULL),
(25, 5, 1, NULL, NULL),
(26, 5, 1, NULL, NULL),
(27, 5, 1, NULL, NULL),
(28, 6, 2, NULL, NULL),
(29, 6, 2, NULL, NULL),
(30, 6, 2, NULL, NULL),
(31, 6, 2, NULL, NULL),
(32, 6, 2, NULL, NULL),
(33, 6, 2, NULL, NULL),
(34, 6, 2, NULL, NULL),
(35, 6, 2, NULL, NULL),
(36, 7, 2, NULL, NULL),
(37, 7, 2, NULL, NULL),
(38, 7, 2, NULL, NULL),
(39, 7, 2, NULL, NULL),
(40, 7, 2, NULL, NULL),
(41, 7, 2, NULL, NULL),
(42, 7, 2, NULL, NULL),
(43, 7, 2, NULL, NULL),
(44, 7, 2, NULL, NULL),
(45, 7, 2, NULL, NULL),
(46, 7, 2, NULL, NULL),
(47, 8, 2, NULL, NULL),
(48, 8, 2, NULL, NULL),
(49, 8, 2, NULL, NULL),
(50, 8, 2, NULL, NULL),
(51, 8, 2, NULL, NULL),
(52, 8, 2, NULL, NULL),
(53, 8, 2, NULL, NULL),
(54, 9, 2, NULL, NULL),
(55, 9, 2, NULL, NULL),
(56, 9, 2, NULL, NULL),
(57, 9, 2, NULL, NULL),
(58, 9, 2, NULL, NULL),
(59, 9, 2, NULL, NULL),
(60, 10, 2, NULL, NULL),
(61, 10, 2, NULL, NULL),
(62, 10, 2, NULL, NULL),
(63, 10, 2, NULL, NULL),
(64, 10, 2, NULL, NULL),
(65, 10, 2, NULL, NULL),
(66, 11, 3, NULL, NULL),
(67, 11, 3, NULL, NULL),
(68, 11, 3, NULL, NULL),
(69, 11, 3, NULL, NULL),
(70, 11, 3, NULL, NULL),
(71, 11, 3, NULL, NULL),
(72, 11, 3, NULL, NULL),
(73, 12, 3, NULL, NULL),
(74, 12, 3, NULL, NULL),
(75, 12, 3, NULL, NULL),
(76, 12, 3, NULL, NULL),
(77, 12, 3, NULL, NULL),
(78, 12, 3, NULL, NULL),
(79, 12, 3, NULL, NULL),
(80, 12, 3, NULL, NULL),
(81, 13, 3, NULL, NULL),
(82, 13, 3, NULL, NULL),
(83, 13, 3, NULL, NULL),
(84, 13, 3, NULL, NULL),
(85, 13, 3, NULL, NULL),
(86, 13, 3, NULL, NULL),
(87, 13, 3, NULL, NULL),
(88, 13, 3, NULL, NULL),
(89, 13, 3, NULL, NULL),
(90, 14, 3, NULL, NULL),
(91, 14, 3, NULL, NULL),
(92, 14, 3, NULL, NULL),
(93, 14, 3, NULL, NULL),
(94, 14, 3, NULL, NULL),
(95, 14, 3, NULL, NULL),
(96, 14, 3, NULL, NULL),
(97, 14, 3, NULL, NULL),
(98, 14, 3, NULL, NULL),
(99, 14, 3, NULL, NULL),
(100, 15, 3, NULL, NULL),
(101, 15, 3, NULL, NULL),
(102, 15, 3, NULL, NULL),
(103, 15, 3, NULL, NULL),
(104, 15, 3, NULL, NULL),
(105, 15, 3, NULL, NULL),
(106, 15, 3, NULL, NULL),
(107, 16, 4, NULL, NULL),
(108, 16, 4, NULL, NULL),
(109, 16, 4, NULL, NULL),
(110, 16, 4, NULL, NULL),
(111, 16, 4, NULL, NULL),
(112, 16, 4, NULL, NULL),
(113, 16, 4, NULL, NULL),
(114, 16, 4, NULL, NULL),
(115, 16, 4, NULL, NULL),
(116, 16, 4, NULL, NULL),
(117, 17, 4, NULL, NULL),
(118, 17, 4, NULL, NULL),
(119, 17, 4, NULL, NULL),
(120, 17, 4, NULL, NULL),
(121, 17, 4, NULL, NULL),
(122, 17, 4, NULL, NULL),
(123, 17, 4, NULL, NULL),
(124, 17, 4, NULL, NULL),
(125, 17, 4, NULL, NULL),
(126, 17, 4, NULL, NULL),
(127, 17, 4, NULL, NULL),
(128, 17, 4, NULL, NULL),
(129, 17, 4, NULL, NULL),
(130, 17, 4, NULL, NULL),
(131, 18, 4, NULL, NULL),
(132, 18, 4, NULL, NULL),
(133, 18, 4, NULL, NULL),
(134, 18, 4, NULL, NULL),
(135, 18, 4, NULL, NULL),
(136, 18, 4, NULL, NULL),
(137, 18, 4, NULL, NULL),
(138, 18, 4, NULL, NULL),
(139, 18, 4, NULL, NULL),
(140, 18, 4, NULL, NULL),
(141, 18, 4, NULL, NULL),
(142, 18, 4, NULL, NULL),
(143, 18, 4, NULL, NULL),
(144, 18, 4, NULL, NULL),
(145, 19, 4, NULL, NULL),
(146, 19, 4, NULL, NULL),
(147, 19, 4, NULL, NULL),
(148, 19, 4, NULL, NULL),
(149, 19, 4, NULL, NULL),
(150, 19, 4, NULL, NULL),
(151, 19, 4, NULL, NULL),
(152, 20, 4, NULL, NULL),
(153, 20, 4, NULL, NULL),
(154, 20, 4, NULL, NULL),
(155, 20, 4, NULL, NULL),
(156, 20, 4, NULL, NULL),
(157, 20, 4, NULL, NULL),
(158, 20, 4, NULL, NULL),
(159, 21, 5, NULL, NULL),
(160, 21, 5, NULL, NULL),
(161, 21, 5, NULL, NULL),
(162, 21, 5, NULL, NULL),
(163, 21, 5, NULL, NULL),
(164, 21, 5, NULL, NULL),
(165, 22, 5, NULL, NULL),
(166, 22, 5, NULL, NULL),
(167, 22, 5, NULL, NULL),
(168, 22, 5, NULL, NULL),
(169, 22, 5, NULL, NULL),
(170, 22, 5, NULL, NULL),
(171, 22, 5, NULL, NULL),
(172, 22, 5, NULL, NULL),
(173, 23, 5, NULL, NULL),
(174, 23, 5, NULL, NULL),
(175, 23, 5, NULL, NULL),
(176, 23, 5, NULL, NULL),
(177, 23, 5, NULL, NULL),
(178, 23, 5, NULL, NULL),
(179, 24, 5, NULL, NULL),
(180, 24, 5, NULL, NULL),
(181, 24, 5, NULL, NULL),
(182, 24, 5, NULL, NULL),
(183, 24, 5, NULL, NULL),
(184, 24, 5, NULL, NULL),
(185, 25, 5, NULL, NULL),
(186, 25, 5, NULL, NULL),
(187, 25, 5, NULL, NULL),
(188, 25, 5, NULL, NULL),
(189, 25, 5, NULL, NULL),
(190, 25, 5, NULL, NULL),
(191, 26, 1, NULL, NULL),
(192, 26, 1, NULL, NULL),
(193, 26, 1, NULL, NULL),
(194, 26, 1, NULL, NULL),
(195, 26, 1, NULL, NULL),
(196, 27, 1, NULL, NULL),
(197, 27, 1, NULL, NULL),
(198, 27, 1, NULL, NULL),
(199, 27, 1, NULL, NULL),
(200, 27, 1, NULL, NULL),
(201, 28, 1, NULL, NULL),
(202, 28, 1, NULL, NULL),
(203, 28, 1, NULL, NULL),
(204, 28, 1, NULL, NULL),
(205, 28, 1, NULL, NULL),
(206, 29, 1, NULL, NULL),
(207, 29, 1, NULL, NULL),
(208, 29, 1, NULL, NULL),
(209, 29, 1, NULL, NULL),
(210, 29, 1, NULL, NULL),
(211, 30, 1, NULL, NULL),
(212, 30, 1, NULL, NULL),
(213, 30, 1, NULL, NULL),
(214, 30, 1, NULL, NULL),
(215, 31, 2, NULL, NULL),
(216, 31, 2, NULL, NULL),
(217, 31, 2, NULL, NULL),
(218, 31, 2, NULL, NULL),
(219, 32, 2, NULL, NULL),
(220, 32, 2, NULL, NULL),
(221, 32, 2, NULL, NULL),
(222, 32, 2, NULL, NULL),
(223, 32, 2, NULL, NULL),
(224, 32, 2, NULL, NULL),
(225, 33, 2, NULL, NULL),
(226, 33, 2, NULL, NULL),
(227, 33, 2, NULL, NULL),
(228, 33, 2, NULL, NULL),
(229, 33, 2, NULL, NULL),
(230, 33, 2, NULL, NULL),
(231, 33, 2, NULL, NULL),
(232, 34, 2, NULL, NULL),
(233, 34, 2, NULL, NULL),
(234, 34, 2, NULL, NULL),
(235, 34, 2, NULL, NULL),
(236, 34, 2, NULL, NULL),
(237, 35, 2, NULL, NULL),
(238, 35, 2, NULL, NULL),
(239, 35, 2, NULL, NULL),
(240, 35, 2, NULL, NULL),
(241, 36, 3, NULL, NULL),
(242, 36, 3, NULL, NULL),
(243, 36, 3, NULL, NULL),
(244, 36, 3, NULL, NULL),
(245, 36, 3, NULL, NULL),
(246, 37, 3, NULL, NULL),
(247, 37, 3, NULL, NULL),
(248, 37, 3, NULL, NULL),
(249, 37, 3, NULL, NULL),
(250, 37, 3, NULL, NULL),
(251, 37, 3, NULL, NULL),
(252, 38, 3, NULL, NULL),
(253, 38, 3, NULL, NULL),
(254, 38, 3, NULL, NULL),
(255, 38, 3, NULL, NULL),
(256, 38, 3, NULL, NULL),
(257, 39, 3, NULL, NULL),
(258, 39, 3, NULL, NULL),
(259, 39, 3, NULL, NULL),
(260, 39, 3, NULL, NULL),
(261, 39, 3, NULL, NULL),
(262, 39, 3, NULL, NULL),
(263, 40, 3, NULL, NULL),
(264, 40, 3, NULL, NULL),
(265, 40, 3, NULL, NULL),
(266, 40, 3, NULL, NULL),
(267, 40, 3, NULL, NULL),
(268, 40, 3, NULL, NULL),
(269, 40, 3, NULL, NULL),
(270, 41, 4, NULL, NULL),
(271, 41, 4, NULL, NULL),
(272, 41, 4, NULL, NULL),
(273, 41, 4, NULL, NULL),
(274, 42, 4, NULL, NULL),
(275, 42, 4, NULL, NULL),
(276, 42, 4, NULL, NULL),
(277, 42, 4, NULL, NULL),
(278, 42, 4, NULL, NULL),
(279, 43, 4, NULL, NULL),
(280, 43, 4, NULL, NULL),
(281, 43, 4, NULL, NULL),
(282, 43, 4, NULL, NULL),
(283, 43, 4, NULL, NULL),
(284, 43, 4, NULL, NULL),
(285, 44, 4, NULL, NULL),
(286, 44, 4, NULL, NULL),
(287, 44, 4, NULL, NULL),
(288, 44, 4, NULL, NULL),
(289, 44, 4, NULL, NULL),
(290, 45, 4, NULL, NULL),
(291, 45, 4, NULL, NULL),
(292, 45, 4, NULL, NULL),
(293, 45, 4, NULL, NULL),
(294, 46, 5, NULL, NULL),
(295, 46, 5, NULL, NULL),
(296, 46, 5, NULL, NULL),
(297, 46, 5, NULL, NULL),
(298, 46, 5, NULL, NULL),
(299, 47, 5, NULL, NULL),
(300, 47, 5, NULL, NULL),
(301, 47, 5, NULL, NULL),
(302, 47, 5, NULL, NULL),
(303, 47, 5, NULL, NULL),
(304, 47, 5, NULL, NULL),
(305, 48, 5, NULL, NULL),
(306, 48, 5, NULL, NULL),
(307, 48, 5, NULL, NULL),
(308, 48, 5, NULL, NULL),
(309, 48, 5, NULL, NULL),
(310, 49, 5, NULL, NULL),
(311, 49, 5, NULL, NULL),
(312, 49, 5, NULL, NULL),
(313, 49, 5, NULL, NULL),
(314, 49, 5, NULL, NULL),
(315, 50, 5, NULL, NULL),
(316, 50, 5, NULL, NULL),
(317, 50, 5, NULL, NULL),
(318, 50, 5, NULL, NULL),
(319, 50, 5, NULL, NULL),
(320, 50, 5, NULL, NULL);

-- --------------------------------------------------------

--
-- Структура таблицы `type_buildings`
--

DROP TABLE IF EXISTS `type_buildings`;
CREATE TABLE IF NOT EXISTS `type_buildings` (
  `id` bigint(20) UNSIGNED NOT NULL AUTO_INCREMENT,
  `type` text COLLATE utf8mb4_unicode_ci NOT NULL,
  `created_at` timestamp NULL DEFAULT NULL,
  `updated_at` timestamp NULL DEFAULT NULL,
  PRIMARY KEY (`id`)
) ENGINE=InnoDB AUTO_INCREMENT=3 DEFAULT CHARSET=utf8mb4 COLLATE=utf8mb4_unicode_ci;

--
-- Дамп данных таблицы `type_buildings`
--

INSERT INTO `type_buildings` (`id`, `type`, `created_at`, `updated_at`) VALUES
(1, 'Квартиры', NULL, NULL),
(2, 'Коттеджы', NULL, NULL);

-- --------------------------------------------------------

--
-- Структура таблицы `type_objects`
--

DROP TABLE IF EXISTS `type_objects`;
CREATE TABLE IF NOT EXISTS `type_objects` (
  `id` bigint(20) UNSIGNED NOT NULL AUTO_INCREMENT,
  `building_object_id` bigint(20) UNSIGNED NOT NULL,
  `type_building_id` bigint(20) UNSIGNED NOT NULL,
  `created_at` timestamp NULL DEFAULT NULL,
  `updated_at` timestamp NULL DEFAULT NULL,
  PRIMARY KEY (`id`),
  KEY `type_objects_building_object_id_foreign` (`building_object_id`),
  KEY `type_objects_type_building_id_foreign` (`type_building_id`)
) ENGINE=InnoDB AUTO_INCREMENT=321 DEFAULT CHARSET=utf8mb4 COLLATE=utf8mb4_unicode_ci;

--
-- Дамп данных таблицы `type_objects`
--

INSERT INTO `type_objects` (`id`, `building_object_id`, `type_building_id`, `created_at`, `updated_at`) VALUES
(1, 1, 2, NULL, NULL),
(2, 1, 2, NULL, NULL),
(3, 1, 2, NULL, NULL),
(4, 1, 2, NULL, NULL),
(5, 1, 2, NULL, NULL),
(6, 2, 2, NULL, NULL),
(7, 2, 2, NULL, NULL),
(8, 2, 2, NULL, NULL),
(9, 2, 2, NULL, NULL),
(10, 2, 2, NULL, NULL),
(11, 2, 2, NULL, NULL),
(12, 3, 2, NULL, NULL),
(13, 3, 2, NULL, NULL),
(14, 3, 2, NULL, NULL),
(15, 3, 2, NULL, NULL),
(16, 3, 2, NULL, NULL),
(17, 4, 2, NULL, NULL),
(18, 4, 2, NULL, NULL),
(19, 4, 2, NULL, NULL),
(20, 4, 2, NULL, NULL),
(21, 4, 2, NULL, NULL),
(22, 5, 2, NULL, NULL),
(23, 5, 2, NULL, NULL),
(24, 5, 2, NULL, NULL),
(25, 5, 2, NULL, NULL),
(26, 5, 2, NULL, NULL),
(27, 5, 2, NULL, NULL),
(28, 6, 2, NULL, NULL),
(29, 6, 2, NULL, NULL),
(30, 6, 2, NULL, NULL),
(31, 6, 2, NULL, NULL),
(32, 6, 2, NULL, NULL),
(33, 6, 2, NULL, NULL),
(34, 6, 2, NULL, NULL),
(35, 6, 2, NULL, NULL),
(36, 7, 2, NULL, NULL),
(37, 7, 2, NULL, NULL),
(38, 7, 2, NULL, NULL),
(39, 7, 2, NULL, NULL),
(40, 7, 2, NULL, NULL),
(41, 7, 2, NULL, NULL),
(42, 7, 2, NULL, NULL),
(43, 7, 2, NULL, NULL),
(44, 7, 2, NULL, NULL),
(45, 7, 2, NULL, NULL),
(46, 7, 2, NULL, NULL),
(47, 8, 2, NULL, NULL),
(48, 8, 2, NULL, NULL),
(49, 8, 2, NULL, NULL),
(50, 8, 2, NULL, NULL),
(51, 8, 2, NULL, NULL),
(52, 8, 2, NULL, NULL),
(53, 8, 2, NULL, NULL),
(54, 9, 2, NULL, NULL),
(55, 9, 2, NULL, NULL),
(56, 9, 2, NULL, NULL),
(57, 9, 2, NULL, NULL),
(58, 9, 2, NULL, NULL),
(59, 9, 2, NULL, NULL),
(60, 10, 2, NULL, NULL),
(61, 10, 2, NULL, NULL),
(62, 10, 2, NULL, NULL),
(63, 10, 2, NULL, NULL),
(64, 10, 2, NULL, NULL),
(65, 10, 2, NULL, NULL),
(66, 11, 2, NULL, NULL),
(67, 11, 2, NULL, NULL),
(68, 11, 2, NULL, NULL),
(69, 11, 2, NULL, NULL),
(70, 11, 2, NULL, NULL),
(71, 11, 2, NULL, NULL),
(72, 11, 2, NULL, NULL),
(73, 12, 2, NULL, NULL),
(74, 12, 2, NULL, NULL),
(75, 12, 2, NULL, NULL),
(76, 12, 2, NULL, NULL),
(77, 12, 2, NULL, NULL),
(78, 12, 2, NULL, NULL),
(79, 12, 2, NULL, NULL),
(80, 12, 2, NULL, NULL),
(81, 13, 2, NULL, NULL),
(82, 13, 2, NULL, NULL),
(83, 13, 2, NULL, NULL),
(84, 13, 2, NULL, NULL),
(85, 13, 2, NULL, NULL),
(86, 13, 2, NULL, NULL),
(87, 13, 2, NULL, NULL),
(88, 13, 2, NULL, NULL),
(89, 13, 2, NULL, NULL),
(90, 14, 2, NULL, NULL),
(91, 14, 2, NULL, NULL),
(92, 14, 2, NULL, NULL),
(93, 14, 2, NULL, NULL),
(94, 14, 2, NULL, NULL),
(95, 14, 2, NULL, NULL),
(96, 14, 2, NULL, NULL),
(97, 14, 2, NULL, NULL),
(98, 14, 2, NULL, NULL),
(99, 14, 2, NULL, NULL),
(100, 15, 2, NULL, NULL),
(101, 15, 2, NULL, NULL),
(102, 15, 2, NULL, NULL),
(103, 15, 2, NULL, NULL),
(104, 15, 2, NULL, NULL),
(105, 15, 2, NULL, NULL),
(106, 15, 2, NULL, NULL),
(107, 16, 2, NULL, NULL),
(108, 16, 2, NULL, NULL),
(109, 16, 2, NULL, NULL),
(110, 16, 2, NULL, NULL),
(111, 16, 2, NULL, NULL),
(112, 16, 2, NULL, NULL),
(113, 16, 2, NULL, NULL),
(114, 16, 2, NULL, NULL),
(115, 16, 2, NULL, NULL),
(116, 16, 2, NULL, NULL),
(117, 17, 2, NULL, NULL),
(118, 17, 2, NULL, NULL),
(119, 17, 2, NULL, NULL),
(120, 17, 2, NULL, NULL),
(121, 17, 2, NULL, NULL),
(122, 17, 2, NULL, NULL),
(123, 17, 2, NULL, NULL),
(124, 17, 2, NULL, NULL),
(125, 17, 2, NULL, NULL),
(126, 17, 2, NULL, NULL),
(127, 17, 2, NULL, NULL),
(128, 17, 2, NULL, NULL),
(129, 17, 2, NULL, NULL),
(130, 17, 2, NULL, NULL),
(131, 18, 2, NULL, NULL),
(132, 18, 2, NULL, NULL),
(133, 18, 2, NULL, NULL),
(134, 18, 2, NULL, NULL),
(135, 18, 2, NULL, NULL),
(136, 18, 2, NULL, NULL),
(137, 18, 2, NULL, NULL),
(138, 18, 2, NULL, NULL),
(139, 18, 2, NULL, NULL),
(140, 18, 2, NULL, NULL),
(141, 18, 2, NULL, NULL),
(142, 18, 2, NULL, NULL),
(143, 18, 2, NULL, NULL),
(144, 18, 2, NULL, NULL),
(145, 19, 2, NULL, NULL),
(146, 19, 2, NULL, NULL),
(147, 19, 2, NULL, NULL),
(148, 19, 2, NULL, NULL),
(149, 19, 2, NULL, NULL),
(150, 19, 2, NULL, NULL),
(151, 19, 2, NULL, NULL),
(152, 20, 2, NULL, NULL),
(153, 20, 2, NULL, NULL),
(154, 20, 2, NULL, NULL),
(155, 20, 2, NULL, NULL),
(156, 20, 2, NULL, NULL),
(157, 20, 2, NULL, NULL),
(158, 20, 2, NULL, NULL),
(159, 21, 2, NULL, NULL),
(160, 21, 2, NULL, NULL),
(161, 21, 2, NULL, NULL),
(162, 21, 2, NULL, NULL),
(163, 21, 2, NULL, NULL),
(164, 21, 2, NULL, NULL),
(165, 22, 2, NULL, NULL),
(166, 22, 2, NULL, NULL),
(167, 22, 2, NULL, NULL),
(168, 22, 2, NULL, NULL),
(169, 22, 2, NULL, NULL),
(170, 22, 2, NULL, NULL),
(171, 22, 2, NULL, NULL),
(172, 22, 2, NULL, NULL),
(173, 23, 2, NULL, NULL),
(174, 23, 2, NULL, NULL),
(175, 23, 2, NULL, NULL),
(176, 23, 2, NULL, NULL),
(177, 23, 2, NULL, NULL),
(178, 23, 2, NULL, NULL),
(179, 24, 2, NULL, NULL),
(180, 24, 2, NULL, NULL),
(181, 24, 2, NULL, NULL),
(182, 24, 2, NULL, NULL),
(183, 24, 2, NULL, NULL),
(184, 24, 2, NULL, NULL),
(185, 25, 2, NULL, NULL),
(186, 25, 2, NULL, NULL),
(187, 25, 2, NULL, NULL),
(188, 25, 2, NULL, NULL),
(189, 25, 2, NULL, NULL),
(190, 25, 2, NULL, NULL),
(191, 26, 1, NULL, NULL),
(192, 26, 1, NULL, NULL),
(193, 26, 1, NULL, NULL),
(194, 26, 1, NULL, NULL),
(195, 26, 1, NULL, NULL),
(196, 27, 1, NULL, NULL),
(197, 27, 1, NULL, NULL),
(198, 27, 1, NULL, NULL),
(199, 27, 1, NULL, NULL),
(200, 27, 1, NULL, NULL),
(201, 28, 1, NULL, NULL),
(202, 28, 1, NULL, NULL),
(203, 28, 1, NULL, NULL),
(204, 28, 1, NULL, NULL),
(205, 28, 1, NULL, NULL),
(206, 29, 1, NULL, NULL),
(207, 29, 1, NULL, NULL),
(208, 29, 1, NULL, NULL),
(209, 29, 1, NULL, NULL),
(210, 29, 1, NULL, NULL),
(211, 30, 1, NULL, NULL),
(212, 30, 1, NULL, NULL),
(213, 30, 1, NULL, NULL),
(214, 30, 1, NULL, NULL),
(215, 31, 1, NULL, NULL),
(216, 31, 1, NULL, NULL),
(217, 31, 1, NULL, NULL),
(218, 31, 1, NULL, NULL),
(219, 32, 1, NULL, NULL),
(220, 32, 1, NULL, NULL),
(221, 32, 1, NULL, NULL),
(222, 32, 1, NULL, NULL),
(223, 32, 1, NULL, NULL),
(224, 32, 1, NULL, NULL),
(225, 33, 1, NULL, NULL),
(226, 33, 1, NULL, NULL),
(227, 33, 1, NULL, NULL),
(228, 33, 1, NULL, NULL),
(229, 33, 1, NULL, NULL),
(230, 33, 1, NULL, NULL),
(231, 33, 1, NULL, NULL),
(232, 34, 1, NULL, NULL),
(233, 34, 1, NULL, NULL),
(234, 34, 1, NULL, NULL),
(235, 34, 1, NULL, NULL),
(236, 34, 1, NULL, NULL),
(237, 35, 1, NULL, NULL),
(238, 35, 1, NULL, NULL),
(239, 35, 1, NULL, NULL),
(240, 35, 1, NULL, NULL),
(241, 36, 1, NULL, NULL),
(242, 36, 1, NULL, NULL),
(243, 36, 1, NULL, NULL),
(244, 36, 1, NULL, NULL),
(245, 36, 1, NULL, NULL),
(246, 37, 1, NULL, NULL),
(247, 37, 1, NULL, NULL),
(248, 37, 1, NULL, NULL),
(249, 37, 1, NULL, NULL),
(250, 37, 1, NULL, NULL),
(251, 37, 1, NULL, NULL),
(252, 38, 1, NULL, NULL),
(253, 38, 1, NULL, NULL),
(254, 38, 1, NULL, NULL),
(255, 38, 1, NULL, NULL),
(256, 38, 1, NULL, NULL),
(257, 39, 1, NULL, NULL),
(258, 39, 1, NULL, NULL),
(259, 39, 1, NULL, NULL),
(260, 39, 1, NULL, NULL),
(261, 39, 1, NULL, NULL),
(262, 39, 1, NULL, NULL),
(263, 40, 1, NULL, NULL),
(264, 40, 1, NULL, NULL),
(265, 40, 1, NULL, NULL),
(266, 40, 1, NULL, NULL),
(267, 40, 1, NULL, NULL),
(268, 40, 1, NULL, NULL),
(269, 40, 1, NULL, NULL),
(270, 41, 1, NULL, NULL),
(271, 41, 1, NULL, NULL),
(272, 41, 1, NULL, NULL),
(273, 41, 1, NULL, NULL),
(274, 42, 1, NULL, NULL),
(275, 42, 1, NULL, NULL),
(276, 42, 1, NULL, NULL),
(277, 42, 1, NULL, NULL),
(278, 42, 1, NULL, NULL),
(279, 43, 1, NULL, NULL),
(280, 43, 1, NULL, NULL),
(281, 43, 1, NULL, NULL),
(282, 43, 1, NULL, NULL),
(283, 43, 1, NULL, NULL),
(284, 43, 1, NULL, NULL),
(285, 44, 1, NULL, NULL),
(286, 44, 1, NULL, NULL),
(287, 44, 1, NULL, NULL),
(288, 44, 1, NULL, NULL),
(289, 44, 1, NULL, NULL),
(290, 45, 1, NULL, NULL),
(291, 45, 1, NULL, NULL),
(292, 45, 1, NULL, NULL),
(293, 45, 1, NULL, NULL),
(294, 46, 1, NULL, NULL),
(295, 46, 1, NULL, NULL),
(296, 46, 1, NULL, NULL),
(297, 46, 1, NULL, NULL),
(298, 46, 1, NULL, NULL),
(299, 47, 1, NULL, NULL),
(300, 47, 1, NULL, NULL),
(301, 47, 1, NULL, NULL),
(302, 47, 1, NULL, NULL),
(303, 47, 1, NULL, NULL),
(304, 47, 1, NULL, NULL),
(305, 48, 1, NULL, NULL),
(306, 48, 1, NULL, NULL),
(307, 48, 1, NULL, NULL),
(308, 48, 1, NULL, NULL),
(309, 48, 1, NULL, NULL),
(310, 49, 1, NULL, NULL),
(311, 49, 1, NULL, NULL),
(312, 49, 1, NULL, NULL),
(313, 49, 1, NULL, NULL),
(314, 49, 1, NULL, NULL),
(315, 50, 1, NULL, NULL),
(316, 50, 1, NULL, NULL),
(317, 50, 1, NULL, NULL),
(318, 50, 1, NULL, NULL),
(319, 50, 1, NULL, NULL),
(320, 50, 1, NULL, NULL);

-- --------------------------------------------------------

--
-- Структура таблицы `users`
--

DROP TABLE IF EXISTS `users`;
CREATE TABLE IF NOT EXISTS `users` (
  `id` bigint(20) UNSIGNED NOT NULL AUTO_INCREMENT,
  `name` varchar(191) COLLATE utf8mb4_unicode_ci NOT NULL,
  `email` varchar(191) COLLATE utf8mb4_unicode_ci NOT NULL,
  `email_verified_at` timestamp NULL DEFAULT NULL,
  `password` varchar(191) COLLATE utf8mb4_unicode_ci NOT NULL,
  `remember_token` varchar(100) COLLATE utf8mb4_unicode_ci DEFAULT NULL,
  `created_at` timestamp NULL DEFAULT NULL,
  `updated_at` timestamp NULL DEFAULT NULL,
  PRIMARY KEY (`id`),
  UNIQUE KEY `users_email_unique` (`email`)
) ENGINE=InnoDB DEFAULT CHARSET=utf8mb4 COLLATE=utf8mb4_unicode_ci;

-- --------------------------------------------------------

--
-- Структура таблицы `works`
--

DROP TABLE IF EXISTS `works`;
CREATE TABLE IF NOT EXISTS `works` (
  `id` bigint(20) UNSIGNED NOT NULL AUTO_INCREMENT,
  `title` text COLLATE utf8mb4_unicode_ci NOT NULL,
  `square` text COLLATE utf8mb4_unicode_ci NOT NULL,
  `calendar` text COLLATE utf8mb4_unicode_ci NOT NULL,
  `layer` text COLLATE utf8mb4_unicode_ci NOT NULL,
  `total` text COLLATE utf8mb4_unicode_ci NOT NULL,
  `created_at` timestamp NULL DEFAULT NULL,
  `updated_at` timestamp NULL DEFAULT NULL,
  PRIMARY KEY (`id`)
) ENGINE=InnoDB AUTO_INCREMENT=7 DEFAULT CHARSET=utf8mb4 COLLATE=utf8mb4_unicode_ci;

--
-- Дамп данных таблицы `works`
--

INSERT INTO `works` (`id`, `title`, `square`, `calendar`, `layer`, `total`, `created_at`, `updated_at`) VALUES
(4, 'Дом, город Тимашевск', '1 121м', '21 дня', '3', '582 000 рублей', NULL, NULL),
(5, 'Дом, Село Мысхако', '517м', '11 дней', '2', '284 000 рублей', NULL, NULL),
(6, 'Квартира, ЖК Тургенев', '311м', '4 дня', '1', '117 000 рублей', NULL, NULL);

--
-- Ограничения внешнего ключа сохраненных таблиц
--

--
-- Ограничения внешнего ключа таблицы `photos`
--
ALTER TABLE `photos`
  ADD CONSTRAINT `photos_work_id_foreign` FOREIGN KEY (`work_id`) REFERENCES `works` (`id`);

--
-- Ограничения внешнего ключа таблицы `photo_objects`
--
ALTER TABLE `photo_objects`
  ADD CONSTRAINT `photo_odjects_building_object_id_foreign` FOREIGN KEY (`building_object_id`) REFERENCES `building_objects` (`id`) ON DELETE CASCADE ON UPDATE CASCADE,
  ADD CONSTRAINT `photo_odjects_number_building_id_foreign` FOREIGN KEY (`number_building_id`) REFERENCES `number_buildings` (`id`) ON DELETE CASCADE ON UPDATE CASCADE,
  ADD CONSTRAINT `photo_odjects_square_building_id_foreign` FOREIGN KEY (`square_building_id`) REFERENCES `square_buildings` (`id`) ON DELETE CASCADE ON UPDATE CASCADE,
  ADD CONSTRAINT `photo_odjects_type_building_id_foreign` FOREIGN KEY (`type_building_id`) REFERENCES `type_buildings` (`id`) ON DELETE CASCADE ON UPDATE CASCADE;

--
-- Ограничения внешнего ключа таблицы `square_objects`
--
ALTER TABLE `square_objects`
  ADD CONSTRAINT `square_objects_building_object_id_foreign` FOREIGN KEY (`building_object_id`) REFERENCES `building_objects` (`id`) ON DELETE CASCADE ON UPDATE CASCADE,
  ADD CONSTRAINT `square_objects_square_building_id_foreign` FOREIGN KEY (`square_building_id`) REFERENCES `square_buildings` (`id`) ON DELETE CASCADE ON UPDATE CASCADE;

--
-- Ограничения внешнего ключа таблицы `type_objects`
--
ALTER TABLE `type_objects`
  ADD CONSTRAINT `type_objects_building_object_id_foreign` FOREIGN KEY (`building_object_id`) REFERENCES `building_objects` (`id`) ON DELETE CASCADE ON UPDATE CASCADE,
  ADD CONSTRAINT `type_objects_type_building_id_foreign` FOREIGN KEY (`type_building_id`) REFERENCES `type_buildings` (`id`) ON DELETE CASCADE ON UPDATE CASCADE;
COMMIT;

/*!40101 SET CHARACTER_SET_CLIENT=@OLD_CHARACTER_SET_CLIENT */;
/*!40101 SET CHARACTER_SET_RESULTS=@OLD_CHARACTER_SET_RESULTS */;
/*!40101 SET COLLATION_CONNECTION=@OLD_COLLATION_CONNECTION */;
